업종명,업소명,소재지(도로명),소재지(지번),업태명,
휴게음식점,(주)보나비아티제상암드림타워점,서울특별시 마포구 월드컵북로56길 19 (상암동  드림타워 101호일부),서울특별시 마포구 상암동 1595-1 ,커피숍,
휴게음식점,(주)스타벅스커피코리아 망원역점,서울특별시 마포구 월드컵로 74 (서교동 원천빌딩 1 2층),서울특별시 마포구 서교동 475-13 원천빌딩 1 2층 ,커피숍,
휴게음식점,(주)엘에스씨푸드 마포구청카페,서울특별시 마포구 월드컵로 212  마포구 종합행정타운(마포구청) 지하1층 (성산동),서울특별시 마포구 성산동 370 마포구청 ,커피숍,
휴게음식점,(주)영우 홍익대학교매점,서울특별시 마포구 와우산로 94 (상수동  홍익대학교 실험실습관2 지하1층 일부),서울특별시 마포구 상수동 72-1 ,커피숍,
휴게음식점,(주)영우홍익대학교카페나무,서울특별시 마포구 와우산로 94 (상수동  인문관C동8층),서울특별시 마포구 상수동 72-1 인문관C동8층 ,커피숍,
휴게음식점,(주)잠두봉더나인,서울특별시 마포구 마포나루길 582 (합정동  잠두봉선착장 1층),서울특별시 마포구 합정동 352-6 잠두봉선착장 1층 ,커피숍,
휴게음식점,(주)커피빈코리아 상수역점,서울특별시 마포구 와우산로10길 3  엘케이빌딩 지상1~3층 (상수동),서울특별시 마포구 상수동 143-31 엘케이빌딩 ,커피숍,
휴게음식점,(주)커피빈코리아상암SBS미디어센터점,서울특별시 마포구 상암산로 82 (상암동  1층 일부  2층 일부),서울특별시 마포구 상암동 1607-1 ,커피숍,
휴게음식점,(주)커피빈코리아홍대역8번출구점,서울특별시 마포구 양화로18안길 7 (동교동  2층),서울특별시 마포구 동교동 168-4 ,커피숍,
휴게음식점,(주)하우 신촌역점,서울특별시 마포구 신촌로 지하 90  신촌역 2호선 지하1층 240-108호 (노고산동),서울특별시 마포구 노고산동 31-11 신촌역 ,커피숍,
휴게음식점,(주)학산 테라로사커피 노을공원지점,서울특별시 마포구 하늘공원로 112  산악체험문화센터 1층 (상암동),서울특별시 마포구 상암동 481-231 산악체험문화센터 ,커피숍,
휴게음식점,(한)한스케익 공덕점,서울특별시 마포구 백범로 202 (신공덕동  마포케이씨씨웰츠타워제1층108호),서울특별시 마포구 신공덕동 171 마포케이씨씨웰츠타워 ,커피숍,
휴게음식점,120겹 파이 망원점,서울특별시 마포구 희우정로 129-10  지1층 106호 (망원동),서울특별시 마포구 망원동 454-11 ,커피숍,
휴게음식점,22펠로톤(22PELOTON),서울특별시 마포구 월드컵로3길 31-31  1층 (합정동),서울특별시 마포구 합정동 387-18 1층 ,커피숍,
휴게음식점,3POP,서울특별시 마포구 신촌로16길 34 (노고산동  지하1층 일부),서울특별시 마포구 노고산동 56-7 지하1층 일부 ,커피숍,
휴게음식점,79파운야드 망원본점,서울특별시 마포구 월드컵로13길 79 (망원동  해오름주상복합 제1층제105호),서울특별시 마포구 망원동 400-2 ,커피숍,
휴게음식점,99밀크티,서울특별시 마포구 와우산로29가길 79  1층 102호 (서교동),서울특별시 마포구 서교동 343-13 ,커피숍,
휴게음식점,99트레인(99TRAIN),서울특별시 마포구 월드컵북로4길 26  1층 102호 (동교동),서울특별시 마포구 동교동 201-41 ,커피숍,
휴게음식점,Jazzda카페,서울특별시 마포구 양화로6길 19 (서교동  지하1층),서울특별시 마포구 서교동 394-93 ,커피숍,
휴게음식점,X·D팩토리,서울특별시 마포구 홍익로 26  일부 3층 (동교동),서울특별시 마포구 동교동 163-20 3층일부 ,커피숍,
휴게음식점,가루앤가루,서울특별시 마포구 월드컵북로 402  케이지아이티센터 1층 107호 (상암동),서울특별시 마포구 상암동 1601 케이지아이티센터 ,커피숍,
휴게음식점,가배두림,서울특별시 마포구 월드컵로3길 54 (합정동  1층),서울특별시 마포구 합정동 391-24 ,커피숍,
휴게음식점,고디바,서울특별시 마포구 성암로 267 (상암동  MBC사옥 지상1층 일부),서울특별시 마포구 상암동 1603 MBC사옥 지상1층 일부 ,커피숍,
휴게음식점,고로  커피,서울특별시 마포구 성암로 28  1층 102호 (성산동  가좌행복주택),서울특별시 마포구 성산동 134-2 가좌행복주택 ,커피숍,
휴게음식점,고미푸딩,서울특별시 마포구 희우정로10길 20  1층 1호 (망원동),서울특별시 마포구 망원동 394-2 ,커피숍,
휴게음식점,고잉홈,서울특별시 마포구 방울내로9안길 32  1층 (망원동),서울특별시 마포구 망원동 468-17 ,커피숍,
휴게음식점,고체,서울특별시 마포구 희우정로 94  1층 (망원동),서울특별시 마포구 망원동 397-21 ,커피숍,
휴게음식점,고팡커피,서울특별시 마포구 숭문16길 24 (염리동  1층 일부),서울특별시 마포구 염리동 9-3 ,커피숍,
휴게음식점,골드마인 커피,서울특별시 마포구 마포대로4라길 25  1층 (도화동),서울특별시 마포구 도화동 79 ,커피숍,
휴게음식점,골목가온,서울특별시 마포구 와우산로1길 18  1층 (상수동),서울특별시 마포구 상수동 337-13 ,커피숍,
휴게음식점,곰작(gomzak),서울특별시 마포구 와우산로 140  일부 1층 (창전동),서울특별시 마포구 창전동 6-42 1층일부 ,커피숍,
휴게음식점,공작,서울특별시 마포구 동교로19길 56 (서교동  102호),서울특별시 마포구 서교동 449-7 ,커피숍,
휴게음식점,공차,서울특별시 마포구 마포대로 33  1층 102호 (도화동  마포 한화 오벨리스크),서울특별시 마포구 도화동 555 마포 한화 오벨리스크 ,커피숍,
휴게음식점,공차 마포구청역점,서울특별시 마포구 월드컵로 148  1층 (성산동),서울특별시 마포구 성산동 263-1 ,커피숍,
휴게음식점,공차(합정교보문고점),서울특별시 마포구 월드컵로3길 14  지1층 B137호 (합정동),서울특별시 마포구 합정동 473 ,커피숍,
휴게음식점,과일에반하다 프루타 홍대점,서울특별시 마포구 와우산로 94  홍익대학교 홍문관동 지2층 RB212호 (상수동),서울특별시 마포구 상수동 72-1 홍익대학교 ,커피숍,
휴게음식점,과자산책,서울특별시 마포구 포은로 78  지상2층 일부호 (망원동),서울특별시 마포구 망원동 401-36 ,커피숍,
휴게음식점,교카페(KYOcafe),서울특별시 마포구 큰우물로 43 (용강동  1층),서울특별시 마포구 용강동 6-4 ,커피숍,
휴게음식점,구대회커피 본점,서울특별시 마포구 창전로2길 9 (신수동  1층 일부),서울특별시 마포구 신수동 102-13 ,커피숍,
휴게음식점,구대회커피 상수래미안점,서울특별시 마포구 독막로20나길 21  상가동 1층 106호 (상수동  래미안 밤섬 리베뉴Ⅱ),서울특별시 마포구 상수동 398 래미안 밤섬 리베뉴Ⅱ ,커피숍,
휴게음식점,구름뜬하늘,서울특별시 마포구 와우산로27길 21  2층 (서교동),서울특별시 마포구 서교동 339-5 2층 ,커피숍,
휴게음식점,굿애프터눈 합정점,서울특별시 마포구 월드컵로3길 14 (합정동  마포한강2차푸르지오상업시설 120호),서울특별시 마포구 합정동 473 마포한강2차푸르지오상업시설 120호 ,커피숍,
휴게음식점,규리네과일가게 마포신촌점,서울특별시 마포구 서강로11길 24  1층 우측호 (창전동),서울특별시 마포구 창전동 2-33 ,커피숍,
휴게음식점,그라찌에,서울특별시 마포구 와우산로 94 (상수동  홍익대홍문관 R201),서울특별시 마포구 상수동 72-1 홍익대홍문관 R201 ,커피숍,
휴게음식점,그레이스 미디어 주식회사,서울특별시 마포구 성지1길 7 (합정동  1층),서울특별시 마포구 합정동 373-22 ,커피숍,
휴게음식점,그리다,서울특별시 마포구 동교로17안길 47  이룸빌딩 1층 101호 (서교동),서울특별시 마포구 서교동 448-4 이룸빌딩 ,커피숍,
휴게음식점,그리운꼬마,서울특별시 마포구 동교로18길 9  1층 (서교동),서울특별시 마포구 서교동 464-10 1층 ,커피숍,
휴게음식점,그릭데이 홍대점,서울특별시 마포구 홍익로 10  101동 119호 (서교동 서교푸르지오 1층),서울특별시 마포구 서교동 486 서교푸르지오 1층 101동 119호,커피숍,
휴게음식점,그림제작소 연남점,서울특별시 마포구 성미산로 170  2층 201호 (연남동),서울특별시 마포구 연남동 239-39 ,커피숍,
휴게음식점,글래드 앤 솔티(GLAD & SALTY),서울특별시 마포구 대흥로24바길 11  솔틴비전센터 2층 일부호 (염리동),서울특별시 마포구 염리동 532-3 솔틴비전센터 ,커피숍,
휴게음식점,기프트앤카페,서울특별시 마포구 토정로 224 (신수동),서울특별시 마포구 신수동 448-23 1층호,커피숍,
휴게음식점,까페,서울특별시 마포구 토정로31길 23 (용강동  마포 리버웰지2층일부),서울특별시 마포구 용강동 502 마포 리버웰지2층일부 ,커피숍,
휴게음식점,꼬르소산도(CorsoSando),서울특별시 마포구 월드컵로 157 (망원동  1층일부),서울특별시 마포구 망원동 474-2 ,커피숍,
휴게음식점,꼬모레 커피,서울특별시 마포구 월드컵북로4길 65  1층 (동교동),서울특별시 마포구 동교동 204-37 ,커피숍,
휴게음식점,꽈페 망원점,서울특별시 마포구 포은로 83  1 2층 (망원동  오체어스빌딩),서울특별시 마포구 망원동 399-57 오체어스빌딩 ,커피숍,
휴게음식점,꽈페 홍대점,서울특별시 마포구 홍익로6길 8  지1층 일부호 (동교동),서울특별시 마포구 동교동 163-19 ,커피숍,
휴게음식점,나른한순간 Idle moments,서울특별시 마포구 잔다리로 93 (서교동  2층일부(1호)),서울특별시 마포구 서교동 467-2 2층일부(1호) ,커피숍,
휴게음식점,나우올네버(now oR never),서울특별시 마포구 월드컵로19길 15  망원경 지1층 B01호 (망원동),서울특별시 마포구 망원동 57-23 망원경 ,커피숍,
휴게음식점,나카페,서울특별시 마포구 희우정로16길 25  1층 (망원동),서울특별시 마포구 망원동 405-23 ,커피숍,
휴게음식점,낙랑파라,서울특별시 마포구 연희로1길 21 (동교동  1층),서울특별시 마포구 동교동 148-3 1층 ,커피숍,
휴게음식점,낙랑파라망원,서울특별시 마포구 망원로 7-12  1 2층 (망원동  2호),서울특별시 마포구 망원동 453-2 ,커피숍,
휴게음식점,날쌘카페 합정점,서울특별시 마포구 양화로 72  효성 해링턴 타워 101동 1층 114호 (서교동),서울특별시 마포구 서교동 494 ,커피숍,
휴게음식점,낭과자점,서울특별시 마포구 와우산로29길 14-25  1층 좌측호 (서교동),서울특별시 마포구 서교동 328-11 ,커피숍,
휴게음식점,넌슬립,서울특별시 마포구 월드컵로17길 61  지층 (망원동),서울특별시 마포구 망원동 57-100 ,커피숍,
휴게음식점,널독(NERDOG),서울특별시 마포구 희우정로16길 46  1층 (망원동),서울특별시 마포구 망원동 399-46 ,커피숍,
휴게음식점,널디스카페(NERDY'S CAFE),서울특별시 마포구 어울마당로 94-12  1층 (서교동),서울특별시 마포구 서교동 358-117 ,커피숍,
휴게음식점,네임이즈마빈(NAME iS MAVIN),서울특별시 마포구 월드컵로20길 6  1층 (서교동),서울특별시 마포구 서교동 5-3 ,커피숍,
휴게음식점,노란구름빵,서울특별시 마포구 와우산로29마길 12 (서교동  지하1층일부),서울특별시 마포구 서교동 332-35 ,커피숍,
휴게음식점,노란코끼리,서울특별시 마포구 월드컵북로2길 11 (동교동  1층일부),서울특별시 마포구 동교동 161-5 ,커피숍,
휴게음식점,노란코끼리커피로스터스,서울특별시 마포구 월드컵로11길 71  2층 (망원동),서울특별시 마포구 망원동 338-69 2층 ,커피숍,
휴게음식점,노란코끼리커피로스터스,서울특별시 마포구 월드컵로11길 79 (망원동  1층일부),서울특별시 마포구 망원동 338-20 1층일부 ,커피숍,
휴게음식점,노란코끼리커피로스터스,서울특별시 마포구 동교로22길 23 (서교동  1층),서울특별시 마포구 서교동 375-11 ,커피숍,
휴게음식점,노을공원전망대,서울특별시 마포구 하늘공원로 84 (상암동  1층일부),서울특별시 마포구 상암동 481-6 1층일부 ,커피숍,
휴게음식점,노을공원전망대,서울특별시 마포구 하늘공원로 84 (상암동  노을공원전망대 1층 일부),서울특별시 마포구 상암동 481-6 ,커피숍,
휴게음식점,노트커피(NOTT COFFEE),서울특별시 마포구 잔다리로2길 22  1층 (서교동),서울특별시 마포구 서교동 367-30 ,커피숍,
휴게음식점,논나,서울특별시 마포구 망원로6길 61  1층 101호 (망원동  화이트빌),서울특별시 마포구 망원동 399-9 화이트빌 ,커피숍,
휴게음식점,놀숲플러스 홍대점,서울특별시 마포구 양화로16길 29  홍익몰 지하1층 일부 (서교동),서울특별시 마포구 서교동 357-5 홍익몰 ,커피숍,
휴게음식점,높은댕이,서울특별시 마포구 마포대로 236  1층 106호 (아현동  예미원아파트),서울특별시 마포구 아현동 371-1 예미원아파트 ,커피숍,
휴게음식점,누가의료기 신촌2지점,서울특별시 마포구 서강로 106  신촌크리닉존 1층 102호 (신수동),서울특별시 마포구 신수동 66-2 신촌크리닉존 ,커피숍,
휴게음식점,누아네(NOIR NE),서울특별시 마포구 백범로 112-1  1층 (대흥동),서울특별시 마포구 대흥동 241-1 ,커피숍,
휴게음식점,뉴 욕쟁이 디저트 (서강대점),서울특별시 마포구 대흥로20안길 11  1층 (대흥동),서울특별시 마포구 대흥동 32-8 ,커피숍,
휴게음식점,니바뮤 월드(니바뮤 WORLD),서울특별시 마포구 와우산로29라길 22  1 2층 (서교동),서울특별시 마포구 서교동 333-14 ,커피숍,
휴게음식점,니벨크랙(NIVELCRACK),서울특별시 마포구 동교로18길 31  1층 (서교동),서울특별시 마포구 서교동 375-23 ,커피숍,
휴게음식점,다라커피,서울특별시 마포구 마포대로 68  1층 130호 (도화동  마포아크로타워),서울특별시 마포구 도화동 563 마포아크로타워 ,커피숍,
휴게음식점,다르(Dar),서울특별시 마포구 성미산로26길 26  지하1층 (연남동),서울특별시 마포구 연남동 256-7 ,커피숍,
휴게음식점,닥터베이크(Dr.Bake),서울특별시 마포구 동교로19길 44  1층 (서교동),서울특별시 마포구 서교동 449-27 1층 ,커피숍,
휴게음식점,단코,서울특별시 마포구 신촌로14길 19 (노고산동  1층일부),서울특별시 마포구 노고산동 54-41 ,커피숍,
휴게음식점,단편집,서울특별시 마포구 신촌로4길 5-25  북카페 지층 (동교동),서울특별시 마포구 동교동 179-10 북카페 ,커피숍,
휴게음식점,달리는커피,서울특별시 마포구 월드컵북로54길 25  상암DMC푸르지오시티  S-City 지1층 B119호 (상암동),서울특별시 마포구 상암동 1596 상암DMC푸르지오시티  S-City ,커피숍,
휴게음식점,달리는커피 공덕점,서울특별시 마포구 마포대로 156  공덕푸르지오시티 1층 106호 (공덕동),서울특별시 마포구 공덕동 475 공덕푸르지오시티 ,커피숍,
휴게음식점,달밍,서울특별시 마포구 월드컵로23길 20  망원빌 2층 202호 (망원동),서울특별시 마포구 망원동 485-28 망원빌 ,커피숍,
휴게음식점,달콤놀이터,서울특별시 마포구 와우산로21길 19-8  태경빌딩 4층 (서교동),서울특별시 마포구 서교동 364-2 태경빌딩 ,커피숍,
휴게음식점,달콤한가,서울특별시 마포구 대흥로4길 45  1층 102호 (용강동  리틀노이스),서울특별시 마포구 용강동 149-17 리틀노이스 ,커피숍,
휴게음식점,대루커피,서울특별시 마포구 동교로 70 (합정동  소와소빌딩1층일부),서울특별시 마포구 합정동 428-4 소와소빌딩1층일부 ,커피숍,
휴게음식점,더 커피,서울특별시 마포구 홍익로2길 13 (서교동  1층일부),서울특별시 마포구 서교동 346-53 ,커피숍,
휴게음식점,더 컴포트커피,서울특별시 마포구 효창목길 3-1  1층 (공덕동),서울특별시 마포구 공덕동 115-4 ,커피숍,
휴게음식점,더그레너리,서울특별시 마포구 토정로 25-12  1층 일부호 (합정동),서울특별시 마포구 합정동 369-5 ,커피숍,
휴게음식점,더나더나,서울특별시 마포구 고산길 31 (노고산동  1층 일부),서울특별시 마포구 노고산동 33-12 ,커피숍,
휴게음식점,더리터 공덕역점,서울특별시 마포구 만리재옛길 10  1층 (신공덕동),서울특별시 마포구 신공덕동 15-8 ,커피숍,
휴게음식점,더벤티 대흥역점,서울특별시 마포구 백범로 105  1층 (대흥동),서울특별시 마포구 대흥동 183 ,커피숍,
휴게음식점,더벤티 마포망원점,서울특별시 마포구 월드컵로 103  1층 (망원동),서울특별시 마포구 망원동 484-5 ,커피숍,
휴게음식점,더벤티 마포프레스티지자이점,서울특별시 마포구 대흥로24길 24  마포프레스티지자이 A동 110호 (염리동),서울특별시 마포구 염리동 14-149 ,커피숍,
휴게음식점,더벤티 상암DMC역점,서울특별시 마포구 성암로 207  상암빌라 1층 (상암동),서울특별시 마포구 상암동 1445 상암빌라 ,커피숍,
휴게음식점,더블하모니,서울특별시 마포구 동교로 99  C&L빌딩 1층 101호 (서교동),서울특별시 마포구 서교동 479-4 C&L빌딩 ,커피숍,
휴게음식점,더치앤빈(DUTCH&BEAN)서울창업허브점,서울특별시 마포구 백범로31길 21 (공덕동  1층일부),서울특별시 마포구 공덕동 370-4 1층일부 ,커피숍,
휴게음식점,더치앤빈신수지점,서울특별시 마포구 토정로 232 (신수동  1층),서울특별시 마포구 신수동 448-9 ,커피숍,
휴게음식점,더키월드 카페(Ducky World Cafe),서울특별시 마포구 양화로18안길 26  천고 4층 (동교동),서울특별시 마포구 동교동 169-1 천고 ,커피숍,
휴게음식점,더퍼즐,서울특별시 마포구 대흥로 188-1  지상2층 (대흥동),서울특별시 마포구 대흥동 2-71 ,커피숍,
휴게음식점,데미타스,서울특별시 마포구 큰우물로 75  112호 (도화동 성지빌딩 1층 상가),서울특별시 마포구 도화동 538 성지빌딩 1층 상가 112호,커피숍,
휴게음식점,데얼커피,서울특별시 마포구 동교로38안길 21  1층 (연남동),서울특별시 마포구 연남동 390-56 ,커피숍,
휴게음식점,데이원(DAY ONE),서울특별시 마포구 와우산로29길 4-13  2 3층 (서교동),서울특별시 마포구 서교동 327-45 ,커피숍,
휴게음식점,데이원(DAY1),서울특별시 마포구 대흥로6길 6-1 (주)쇼마젠시 1층 (용강동),서울특별시 마포구 용강동 494-74 (주)쇼마젠시 ,커피숍,
휴게음식점,데코덴카페내맘케(decoden cafe 내맘케),서울특별시 마포구 와우산로19길 21 (서교동  3층일부),서울특별시 마포구 서교동 363-20 ,커피숍,
휴게음식점,데코아발림,서울특별시 마포구 독막로15길 13-6 (상수동  1층),서울특별시 마포구 상수동 311-4 1층 ,커피숍,
휴게음식점,델트렌2, ,서울특별시 마포구 동교동 172-10 공항철도 홍대입구역 지하2층 하행 ,커피숍,
휴게음식점,도깨비커피집,서울특별시 마포구 연남로13길 21  1층 (성산동),서울특별시 마포구 성산동 606-3 1층 ,커피숍,
휴게음식점,도식화,서울특별시 마포구 와우산로17길 19-9  1층 (서교동),서울특별시 마포구 서교동 409-19 ,커피숍,
휴게음식점,도쿄빙수,서울특별시 마포구 포은로8길 9  1동 좌측 (망원동),서울특별시 마포구 망원동 414-56 ,커피숍,
휴게음식점,도화동베이글,서울특별시 마포구 마포대로 68  1층 115호 (도화동  마포아크로타워),서울특별시 마포구 도화동 563 마포아크로타워 ,커피숍,
휴게음식점,돌담커피,서울특별시 마포구 와우산로29라길 25  1층 (서교동),서울특별시 마포구 서교동 334-17 ,커피숍,
휴게음식점,둡커피바,서울특별시 마포구 서강대길 7  지하1층 103호 (신수동),서울특별시 마포구 신수동 14 ,커피숍,
휴게음식점,뒤팡프레(디자인에이블),서울특별시 마포구 성암로 217  1층 (상암동),서울특별시 마포구 상암동 2-45 ,커피숍,
휴게음식점,드롭탑홍대점,서울특별시 마포구 어울마당로 45-1 (서교동  1 2층),서울특별시 마포구 서교동 403-17 ,커피숍,
휴게음식점,드리미스페이스,서울특별시 마포구 와우산로29나길 7  1층 (서교동),서울특별시 마포구 서교동 336-23 ,커피숍,
휴게음식점,드링크맨션,서울특별시 마포구 성암로13길 16  2층 (상암동),서울특별시 마포구 상암동 1466 ,커피숍,
휴게음식점,드링크박스(Drink Box),서울특별시 마포구 월드컵북로 375  1층 111호 (상암동  디엠씨이안상암단지),서울특별시 마포구 상암동 1654 디엠씨이안상암단지 1층 111호,커피숍,
휴게음식점,디니 케이크,서울특별시 마포구 만리재로 74  상가2동 2층 214호 (신공덕동  신공덕2차삼성래미안),서울특별시 마포구 신공덕동 159 신공덕2차삼성래미안 ,커피숍,
휴게음식점,디저트 라팡(Dessert Lapin),서울특별시 마포구 동교로 142-16  지하1층 (서교동),서울특별시 마포구 서교동 464-52 ,커피숍,
휴게음식점,디저트 앤썸,서울특별시 마포구 연희로 35  1층 102호 (연남동),서울특별시 마포구 연남동 227-1 ,커피숍,
휴게음식점,디저트39마포공덕점,서울특별시 마포구 백범로 152  1층 23 24호 (공덕동),서울특별시 마포구 공덕동 476 ,커피숍,
휴게음식점,디저트카페 커피공원,서울특별시 마포구 월드컵북로44길 58  D동 1층 우측호 (상암동),서울특별시 마포구 상암동 16-3 ,커피숍,
휴게음식점,디카페(D-caffe),서울특별시 마포구 월드컵로13길 34  5층 (망원동  두드림빌딩),서울특별시 마포구 망원동 375-8 두드림빌딩 5층 ,커피숍,
휴게음식점,디토 커피(ditto coffee),서울특별시 마포구 백범로 127  1층 101호 (염리동),서울특별시 마포구 염리동 154-8 ,커피숍,
휴게음식점,디프런트,서울특별시 마포구 동교로51길 77-7  1층 (연남동),서울특별시 마포구 연남동 241-10 ,커피숍,
휴게음식점,딕시랜드(dixieland),서울특별시 마포구 어울마당로 44-1  라꼼마빌딩 1층일부 (서교동),서울특별시 마포구 서교동 408-27 라꼼마빌딩1층일부 ,커피숍,
휴게음식점,딜리커피,서울특별시 마포구 독막로9길 19  1층 (서교동),서울특별시 마포구 서교동 404-24 ,커피숍,
휴게음식점,띠아모마포펜트라우스점,서울특별시 마포구 백범로 205 (신공덕동  펜트라우스상가 지하2층 202  210호),서울특별시 마포구 신공덕동 172 ,커피숍,
휴게음식점,띵크프룻,서울특별시 마포구 와우산로29길 14-12  1층 (서교동),서울특별시 마포구 서교동 327-1 ,커피숍,
휴게음식점,라라(RARA),서울특별시 마포구 독막로 47 (합정동  1층일부),서울특별시 마포구 합정동 410-14 1층일부 ,커피숍,
휴게음식점,라스베이글재화스퀘어점,서울특별시 마포구 독막로 311 (염리동  지1층일부),서울특별시 마포구 염리동 168-9 ,커피숍,
휴게음식점,라스커피,서울특별시 마포구 월드컵로1길 14 (합정동  마포한강푸르지오상업시설 B111-1호),서울특별시 마포구 합정동 472 ,커피숍,
휴게음식점,라인업PC방,서울특별시 마포구 어울마당로 26 (당인동  지1층일부),서울특별시 마포구 당인동 12-1 지1층일부 ,커피숍,
휴게음식점,러반로제 재화스퀘어점,서울특별시 마포구 독막로 311  재화스퀘어 지하1층 B105호 (염리동),서울특별시 마포구 염리동 168-9 재화스퀘어 ,커피숍,
휴게음식점,레드레드(Rad Red),서울특별시 마포구 임정로21길 40 (신공덕동  1층일부),서울특별시 마포구 신공덕동 2-330 1층일부 ,커피숍,
휴게음식점,레드빅,서울특별시 마포구 잔다리로6길 5  1층 (서교동),서울특별시 마포구 서교동 372-9 ,커피숍,
휴게음식점,레스팅커피,서울특별시 마포구 대흥로30길 34  1층 (염리동),서울특별시 마포구 염리동 9-72 유성지압시술원 ,커피숍,
휴게음식점,레아스톡샵(Leah's talk#),서울특별시 마포구 월드컵북로 233  1층 126-1 4호 (성산동  성산시영아파트),서울특별시 마포구 성산동 446 성산시영아파트 ,커피숍,
휴게음식점,레이먼드(RAYMOND Coffee market),서울특별시 마포구 월드컵로14길 50-3  1층 (서교동),서울특별시 마포구 서교동 474-26 ,커피숍,
휴게음식점,레이지독 케이크(Lazy Dog Cake),서울특별시 마포구 포은로8길 28-6  3층 (망원동),서울특별시 마포구 망원동 414-25 ,커피숍,
휴게음식점,레인비,서울특별시 마포구 와우산로27길 70 (서교동  1층),서울특별시 마포구 서교동 347-18 ,커피숍,
휴게음식점,로로CAFE,서울특별시 마포구 월드컵북로 356 (상암동  서서울농협DMC첨단주차전용건축1층일부),서울특별시 마포구 상암동 1613 서서울농협DMC첨단주차전용건축1층일부 ,커피숍,
휴게음식점,로벤,서울특별시 마포구 잔다리로2길 7 (서교동  디쎄JT타워1층일부),서울특별시 마포구 서교동 368-11 ,커피숍,
휴게음식점,로비,서울특별시 마포구 성암로9안길 28  지상1층 102호 (중동),서울특별시 마포구 중동 77-35 ,커피숍,
휴게음식점,로우엄버,서울특별시 마포구 망원로8길 63  1층 101호 (망원동),서울특별시 마포구 망원동 401-2 ,커피숍,
휴게음식점,로우즈(LOWEEZ),서울특별시 마포구 동교로19길 70  1층 101호 (서교동),서울특별시 마포구 서교동 247-22 ,커피숍,
휴게음식점,로제,서울특별시 마포구 와우산로29길 40-18  2층 (서교동),서울특별시 마포구 서교동 328-39 ,커피숍,
휴게음식점,로펠로세라,서울특별시 마포구 와우산로 39-14  1층 102호 (상수동),서울특별시 마포구 상수동 145-13 ,커피숍,
휴게음식점,루아르 커피 바 ruar coffee bar,서울특별시 마포구 독막로34길 32  지1층일부 (신수동),서울특별시 마포구 신수동 42-10 ,커피숍,
휴게음식점,루아르커피바,서울특별시 마포구 양화로 176  동교동 스타피카소 지하2층 일부호 (동교동),서울특별시 마포구 동교동 166-14 동교동 스타피카소 ,커피숍,
휴게음식점,르빵드 파리 앤 브런치 하우스(Le pain de paris & brunch haus),서울특별시 마포구 성미산로23길 46  1층 (연남동),서울특별시 마포구 연남동 246-4 ,커피숍,
휴게음식점,르카페디스,서울특별시 마포구 독막로 324  1층 (도화동),서울특별시 마포구 도화동 546 ,커피숍,
휴게음식점,리딧카페,서울특별시 마포구 숭문길 72  소금나루도서관 지1층 (염리동),서울특별시 마포구 염리동 61-4 소금나루도서관 ,커피숍,
휴게음식점,리밀커피,서울특별시 마포구 동교로22길 21  1층 (서교동),서울특별시 마포구 서교동 375-45 ,커피숍,
휴게음식점,리벌티(Liberty) 망원,서울특별시 마포구 포은로 108  1층 (망원동),서울특별시 마포구 망원동 414-18 ,커피숍,
휴게음식점,리얼커피,서울특별시 마포구 동교로 32-1 (합정동 1층 101호),서울특별시 마포구 합정동 441-20 1층 101호 ,커피숍,
휴게음식점,리인,서울특별시 마포구 월드컵로11길 80  1층 우측호 (망원동),서울특별시 마포구 망원동 57-208 ,커피숍,
휴게음식점,리틀윙커피,서울특별시 마포구 환일길 1  1층 (아현동),서울특별시 마포구 아현동 709 1층 ,커피숍,
휴게음식점,리틀프레스커피,서울특별시 마포구 성미산로 198 (연남동  1층일부),서울특별시 마포구 연남동 227-15 1층일부 ,커피숍,
휴게음식점,릴리스 카페,서울특별시 용산구 효창원로93길 24  만리현성결교회 지1층 (효창동),서울특별시 용산구 효창동 3-6 만리현성결교회 ,커피숍,
휴게음식점,릴리엄커피,서울특별시 마포구 동교로46길 16  보고스 1층 (연남동),서울특별시 마포구 연남동 387-25 보고스 ,커피숍,
휴게음식점,릴하우스,서울특별시 마포구 동교로 266-8  維豪-위호 2층 (연남동),서울특별시 마포구 연남동 387-4 維豪-위호 ,커피숍,
휴게음식점,마리웨일마카롱 상암SBA점,서울특별시 마포구 월드컵북로 400  1층 104호 (상암동),서울특별시 마포구 상암동 1602 ,커피숍,
휴게음식점,마마즈돌,서울특별시 마포구 동교로46길 24-2  1층 (연남동),서울특별시 마포구 연남동 384-9 ,커피숍,
휴게음식점,마이루틴,서울특별시 마포구 토정로 39  1층 (합정동),서울특별시 마포구 합정동 368-52 ,커피숍,
휴게음식점,마이쥬스 상암점,서울특별시 마포구 월드컵북로44길 63  1층 (상암동),서울특별시 마포구 상암동 36-14 ,커피숍,
휴게음식점,마크,서울특별시 마포구 월드컵북로 434  1층 110-1호 (상암동  상암IT Tower),서울특별시 마포구 상암동 1590 ,커피숍,
휴게음식점,마타사,서울특별시 마포구 새창로6나길 31  1층 (도화동),서울특별시 마포구 도화동 1-352 ,커피숍,
휴게음식점,마포구고용복지지원센터(북카페산책),서울특별시 마포구 매봉산로 18 (상암동  1층일부),서울특별시 마포구 상암동 1640 1층일부 ,커피숍,
휴게음식점,마포시니어클럽 노고산점,서울특별시 마포구 신촌로26길 10  1층 (노고산동),서울특별시 마포구 노고산동 1-50 ,커피숍,
휴게음식점,마포시니어클럽 카페리(합정점),서울특별시 마포구 동교로8길 58 (합정동  1층일부),서울특별시 마포구 합정동 459-5 ,커피숍,
휴게음식점,마포청소년문화의집,서울특별시 마포구 상암산로1길 67 (상암동  1층일부),서울특별시 마포구 상암동 1688 1층일부 ,커피숍,
휴게음식점,말릭(Malic),서울특별시 마포구 와우산로29바길 20 (서교동  지1층일부),서울특별시 마포구 서교동 347-30 지1층우층일부 ,커피숍,
휴게음식점,맘마미아 오븐,서울특별시 마포구 도화2길 2  1층 (도화동),서울특별시 마포구 도화동 344 ,커피숍,
휴게음식점,망원다방,서울특별시 마포구 포은로 118 (망원동  1층일부),서울특별시 마포구 망원동 423-20 1층일부 ,커피숍,
휴게음식점,망원동미쓰리,서울특별시 마포구 방울내로 66 (망원동  1층),서울특별시 마포구 망원동 475-42 ,커피숍,
휴게음식점,망원마중,서울특별시 마포구 월드컵로25길 70 (망원동  1층일부),서울특별시 마포구 망원동 427-16 1층일부 ,커피숍,
휴게음식점,매머드 익스프레스 공덕동점,서울특별시 마포구 마포대로 143  마포공덕파크팰리스 Ⅱ 1층 109호 (공덕동),서울특별시 마포구 공덕동 462 마포공덕파크팰리스 Ⅱ ,커피숍,
휴게음식점,매머드 익스프레스 마포트라팰리스점,서울특별시 마포구 마포대로 53  마포트라팰리스 1층 120호 (도화동),서울특별시 마포구 도화동 559 마포트라팰리스 ,커피숍,
휴게음식점,매머드 익스프레스 상암사보이시티점,서울특별시 마포구 월드컵북로54길 17 (상암동  사보이시티디엠씨1층 104호),서울특별시 마포구 상암동 1597 사보이시티디엠씨1층 104호 ,커피숍,
휴게음식점,매머드 익스프레스 상암중앙점,서울특별시 마포구 월드컵북로 402  케이지아이티센터 1층 142호 (상암동),서울특별시 마포구 상암동 1601 케이지아이티센터 ,커피숍,
휴게음식점,매머드 익스프레스 소담길점,서울특별시 마포구 마포대로8길 9  1층 106호 (공덕동),서울특별시 마포구 공덕동 249-12 ,커피숍,
휴게음식점,매머드익스프레스 마포구청점,서울특별시 마포구 월드컵로34길 13  상암 월드시티 1동 1층 104-2호 (성산동),서울특별시 마포구 성산동 590-5 상암 월드시티 ,커피숍,
휴게음식점,매머드익스프레스 메세나폴리스점,서울특별시 마포구 양화로 45  몰동 지1층 B181호 (서교동  메세나폴리스),서울특별시 마포구 서교동 490 메세나폴리스 ,커피숍,
휴게음식점,매머드익스프레스 애오개역점,서울특별시 마포구 마포대로 225 (오른쪽) 1층 (아현동),서울특별시 마포구 아현동 270-19 ,커피숍,
휴게음식점,매머드커피(MAMMOTH COFFEE)마포합정점,서울특별시 마포구 월드컵로1길 14  B120호 (합정동  마포 한강 푸르지오),서울특별시 마포구 합정동 472 마포 한강 푸르지오 ,커피숍,
휴게음식점,매머드커피상암DDMC점,서울특별시 마포구 매봉산로 75 (상암동  디디엠씨지1층B107호일부(푸드코트내19호)),서울특별시 마포구 상암동 1610 디디엠씨지1층B107호일부(푸드코트내19호) ,커피숍,
휴게음식점,맥서브 호야커피,서울특별시 마포구 새창로 7 (도화동  서울대학교 총동창회 장학빌딩 2층일부),서울특별시 마포구 도화동 565 서울대학교 총동창회 장학빌딩 2층일부 ,커피숍,
휴게음식점,먼스스컬프쳐,서울특별시 마포구 성산로2길 21-31 (성산동  황금타운 1층),서울특별시 마포구 성산동 277-16 ,커피숍,
휴게음식점,메가엠지씨커피 광흥창역점,서울특별시 마포구 독막로 145  근린생활시설(2단지)동 1층 101호 (창전동  서강쌍용예가),서울특별시 마포구 창전동 444 서강쌍용예가 ,커피숍,
휴게음식점,메가엠지씨커피 마포구청점,서울특별시 마포구 모래내로1길 9  1층 102호 (성산동),서울특별시 마포구 성산동 592-8 ,커피숍,
휴게음식점,메가엠지씨커피 마포성산점,서울특별시 마포구 성미산로 43  지1층 일부 (성산동),서울특별시 마포구 성산동 243-5 ,커피숍,
휴게음식점,메가엠지씨커피 마포시민공원점,서울특별시 마포구 망원로 19  1층 102호 (망원동  참존아파트),서울특별시 마포구 망원동 419-3 참존아파트 ,커피숍,
휴게음식점,메가엠지씨커피 마포아트센터점,서울특별시 마포구 대흥로20길 28  마포아트센터 1층 일부호 (대흥동),서울특별시 마포구 대흥동 30-3 마포아트센터 ,커피숍,
휴게음식점,메가엠지씨커피 마포용강점,서울특별시 마포구 큰우물로 49  엘지상가 1층 101 102호 (염리동),서울특별시 마포구 염리동 174-18 엘지상가 ,커피숍,
휴게음식점,메가엠지씨커피 마포중앙점,서울특별시 마포구 월드컵로 151  1층 일부호 (망원동),서울특별시 마포구 망원동 474-15 ,커피숍,
휴게음식점,메가엠지씨커피 망원망리단길점,서울특별시 마포구 동교로 39  1층 코너호 (망원동),서울특별시 마포구 망원동 338-79 ,커피숍,
휴게음식점,메가엠지씨커피 서울공덕초교점,서울특별시 마포구 만리재옛길 6  1층 (신공덕동),서울특별시 마포구 신공덕동 15-15 ,커피숍,
휴게음식점,메가엠지씨커피 홍대입구역점,서울특별시 마포구 홍익로6길 48 (동교동  1층일부),서울특별시 마포구 동교동 164-22 ,커피숍,
휴게음식점,메가커피,서울특별시 마포구 동교로9길 49  1층 (망원동),서울특별시 마포구 망원동 376-7 1층 ,커피숍,
휴게음식점,메가커피 공덕점,서울특별시 마포구 새창로 10  1층일부 (도화동),서울특별시 마포구 도화동 181-1 ,커피숍,
휴게음식점,메리고라운드,서울특별시 마포구 동교로50길 11  1층 (연남동),서울특별시 마포구 연남동 224-6 ,커피숍,
휴게음식점,메이크 메리(make merry),서울특별시 마포구 성미산로29길 30  2층 (연남동),서울특별시 마포구 연남동 241-37 ,커피숍,
휴게음식점,멜롭스(melrops),서울특별시 마포구 월드컵북로16길 54  1층 (연남동),서울특별시 마포구 연남동 487-257 ,커피숍,
휴게음식점,모노레일에스프레소, ,서울특별시 마포구 공덕동 371 공덕삼성@상가동 103호 ,커피숍,
휴게음식점,모노레일에스프레소,서울특별시 마포구 월드컵북로 402 (상암동 KGIT센터 1층 161호),서울특별시 마포구 상암동 1601 KGIT센터 1층 161호 ,커피숍,
휴게음식점,모노앤케이크,서울특별시 마포구 효창원로93길 44  지1층 101호 (공덕동),서울특별시 마포구 공덕동 11-214 ,커피숍,
휴게음식점,모리(MORI),서울특별시 마포구 월드컵북로56길 19  드림타워 1층 101호 일부 (상암동),서울특별시 마포구 상암동 1595-1 드림타워 ,커피숍,
휴게음식점,모리노팡(MORI NO PAN),서울특별시 마포구 연남로3길 22-16  101호 (연남동),서울특별시 마포구 연남동 561-51 ,커피숍,
휴게음식점,모스레코즈앤커피,서울특별시 마포구 성미산로 29-1  1층 101호 (성산동),서울특별시 마포구 성산동 245-47 ,커피숍,
휴게음식점,모아(moa Bird),서울특별시 마포구 포은로 71  1층일부 (망원동),서울특별시 마포구 망원동 395-17 1층일부 ,커피숍,
휴게음식점,몬떼비 서울,서울특별시 마포구 토정로31길 24  근린생활시설2  지층 제근생2-비102호 (용강동  이편한세상 마포리버파크),서울특별시 마포구 용강동 508 이편한세상 마포리버파크 ,커피숍,
휴게음식점,몬떼비 서울,서울특별시 마포구 마포대로7길 17  1층 (공덕동),서울특별시 마포구 공덕동 373-16 ,커피숍,
휴게음식점,몬떼비 서울(도화점),서울특별시 마포구 독막로 320  마포 태영 데시앙 1층 105호 (도화동),서울특별시 마포구 도화동 560 마포 태영 데시앙 ,커피숍,
휴게음식점,몽듀(Mon dieu),서울특별시 마포구 고산길 68 (노고산동  1층일부),서울특별시 마포구 노고산동 12-35 1층일부 ,커피숍,
휴게음식점,몽이커피,서울특별시 마포구 만리재로12길 11  1층 (공덕동),서울특별시 마포구 공덕동 28-42 ,커피숍,
휴게음식점,문인커피,서울특별시 마포구 연남로 88 (연남동  1층일부),서울특별시 마포구 연남동 361-8 1층일부 ,커피숍,
휴게음식점,미니스톱마포서강점,서울특별시 마포구 서강대길 40  상가동 101 102호 (대흥동  마포자이2차아파트),서울특별시 마포구 대흥동 804 마포자이2차아파트  101 102호 상가동 ,커피숍,
휴게음식점,미드위크(Midweek),서울특별시 마포구 동교로38길 42-5  세모하우스 (연남동),서울특별시 마포구 연남동 382-22 세모하우스 ,커피숍,
휴게음식점,미미크럼블,서울특별시 마포구 포은로 72  1층 (망원동),서울특별시 마포구 망원동 413-38 ,커피숍,
휴게음식점,미쇼콜라,서울특별시 마포구 월드컵북로5길 65 (서교동  1층),서울특별시 마포구 서교동 459-2 1층 ,커피숍,
휴게음식점,믹스드(Mixed),서울특별시 마포구 동교로 44-12  1층 (합정동),서울특별시 마포구 합정동 433-50 ,커피숍,
휴게음식점,밀랑스,서울특별시 마포구 대흥로28길 5 (대흥동  1층일부(좌측)),서울특별시 마포구 대흥동 2-30 1층일부(좌측) ,커피숍,
휴게음식점,바나타이거커피 망원직영점,서울특별시 마포구 포은로 121  1층 일부호 (망원동),서울특별시 마포구 망원동 422-18 ,커피숍,
휴게음식점,바나프레소 홍대입구역사거리점,서울특별시 마포구 양화로 129  1층 일부호 (서교동),서울특별시 마포구 서교동 353-2 ,커피숍,
휴게음식점,바람커피원두상점,서울특별시 마포구 연희로 47  1층 102호 (연남동),서울특별시 마포구 연남동 226-34 ,커피숍,
휴게음식점,바우(VOW),서울특별시 마포구 와우산로29라길 7 (서교동  지하1층일부),서울특별시 마포구 서교동 334-23 102호 ,커피숍,
휴게음식점,박은민갤러리,서울특별시 마포구 와우산로18길 12 (서교동  3층 일부),서울특별시 마포구 서교동 360-21 ,커피숍,
휴게음식점,반지대학 홍대본점,서울특별시 마포구 잔다리로 7  4층 (서교동),서울특별시 마포구 서교동 407-26 4층 ,커피숍,
휴게음식점,반지더하기홍대점,서울특별시 마포구 와우산로29라길 8 (서교동  2층일부),서울특별시 마포구 서교동 333-7 2층일부 ,커피숍,
휴게음식점,반지만들기홍대점,서울특별시 마포구 와우산로 91  302호 (서교동),서울특별시 마포구 서교동 358-29 302호,커피숍,
휴게음식점,반지캠퍼스카페,서울특별시 마포구 어울마당로 112-6  2층 (서교동),서울특별시 마포구 서교동 345-16 2층 ,커피숍,
휴게음식점,발트 2호점,서울특별시 마포구 성미산로23길 24  1층 (연남동),서울특별시 마포구 연남동 246-20 ,커피숍,
휴게음식점,발트 본점,서울특별시 마포구 동교로 262-3  하늘드리움 2층 (연남동),서울특별시 마포구 연남동 387-12 하늘드리움 ,커피숍,
휴게음식점,밤부 인터내셔널,서울특별시 마포구 동교로41길 32  비브릭 지하1층일부 (연남동),서울특별시 마포구 연남동 239-44 비브릭 ,커피숍,
휴게음식점,배일리,서울특별시 마포구 월드컵북로 396  누리꿈스퀘어 지1층 B1077호 (상암동),서울특별시 마포구 상암동 1605 누리꿈스퀘어 ,커피숍,
휴게음식점,백미당 딜리버리샵 성산점,서울특별시 마포구 월드컵북로 126  1층 (성산동),서울특별시 마포구 성산동 51-18 ,커피숍,
휴게음식점,백미당홍대점,서울특별시 마포구 양화로 161 (동교동  현대카드 현대캐피탈 홍대사옥1층일부),서울특별시 마포구 동교동 159-5 현대카드 현대캐피탈 홍대사옥1층일부 ,커피숍,
휴게음식점,백민베이킹스튜디오,서울특별시 마포구 월드컵로23길 5  1층 (망원동),서울특별시 마포구 망원동 57-364 ,커피숍,
휴게음식점,백호커피,서울특별시 마포구 성암로15길 42  1층 (상암동),서울특별시 마포구 상암동 2-115 ,커피숍,
휴게음식점,벌스(VER'S),서울특별시 마포구 성미산로23길 44  지하1 1층 (연남동),서울특별시 마포구 연남동 246-22 지하1층  1층 ,커피숍,
휴게음식점,베니(Veni),서울특별시 마포구 창전로 72 (신수동),서울특별시 마포구 신수동 103-6 1층 ,커피숍,
휴게음식점,베어스덴 베이커리,서울특별시 마포구 양화로23길 10-9  1층 (동교동),서울특별시 마포구 동교동 147-59 ,커피숍,
휴게음식점,베이글카페(마포서교점),서울특별시 마포구 동교로19길 52 (서교동  동궁빌라 101호),서울특별시 마포구 서교동 449-21 ,커피숍,
휴게음식점,베이커스코드,서울특별시 마포구 대흥로24길 24  마포프레스티지자이 상가A동 지3층 111호 (염리동),서울특별시 마포구 염리동 14-149 ,커피숍,
휴게음식점,베이크브리즈,서울특별시 마포구 동교로46길 42-24  1층 (연남동),서울특별시 마포구 연남동 383-96 ,커피숍,
휴게음식점,베티케이크,서울특별시 마포구 성암로 209  1층 (상암동),서울특별시 마포구 상암동 1442 ,커피숍,
휴게음식점,별숲,서울특별시 마포구 와우산로29라길 15  지층 (서교동),서울특별시 마포구 서교동 334-20 ,커피숍,
휴게음식점,보노보나마포합정점,서울특별시 마포구 월드컵로3길 14 (합정동  한강푸르지오지하1층142호),서울특별시 마포구 합정동 473 ,커피숍,
휴게음식점,보드스쿨,서울특별시 마포구 어울마당로 118  지층 (서교동),서울특별시 마포구 서교동 345-2 ,커피숍,
휴게음식점,보이스 스튜디오,서울특별시 마포구 독막로 107  1 2층 (상수동),서울특별시 마포구 상수동 140-3 ,커피숍,
휴게음식점,보통공간,서울특별시 마포구 동교로52길 4-3  지1층 좌측호 (연남동),서울특별시 마포구 연남동 224-14 ,커피숍,
휴게음식점,보헤미안박이추커피 상암점,서울특별시 마포구 성암로 267  201 202호 (상암동  MBC몰파크 ),서울특별시 마포구 상암동 1603 MBC몰파크 201 202호 ,커피숍,
휴게음식점,복카페,서울특별시 마포구 월드컵로 235  마포농수산물시장 마포구시설관리공단 1층 1205호 (성산동),서울특별시 마포구 성산동 533-1 마포농수산물시장 마포구시설관리공단 ,커피숍,
휴게음식점,본솔커피교육센터, ,서울특별시 마포구 대흥동 37-8 ,커피숍,
휴게음식점,봄날,서울특별시 마포구 월드컵북로 396 (상암동  누리꿈스퀘어 B1076호),서울특별시 마포구 상암동 1605 ,커피숍,
휴게음식점,봉명동내커피,서울특별시 마포구 숭문16길 13  1층 102호 (염리동),서울특별시 마포구 염리동 9-107 ,커피숍,
휴게음식점,부트 카페,서울특별시 마포구 동교로46길 33  1층 D호 (연남동),서울특별시 마포구 연남동 227-16 ,커피숍,
휴게음식점,북카페 산책 연남점,서울특별시 마포구 성미산로17길 79 (연남동  103호 104호),서울특별시 마포구 연남동 487-35 103호  104호 ,커피숍,
휴게음식점,북카페다독다독多讀茶讀,서울특별시 마포구 홍익로2길 16 (서교동  마포도서관 1층일부),서울특별시 마포구 서교동 341-1 마포도서관 1층일부 ,커피숍,
휴게음식점,북카페산책,서울특별시 마포구 월드컵로 212  마포구보건소 1층 (성산동),서울특별시 마포구 성산동 370 마포구보건소 1층 ,커피숍,
휴게음식점,북카페산책3호 산학협력센터점,서울특별시 마포구 매봉산로 37 (상암동  DMC 산학협력연구센터 1층 102호),서울특별시 마포구 상암동 1649 ,커피숍,
휴게음식점,붐커피(BOOM COFFEE),서울특별시 마포구 월드컵북로 434 (상암동  상암IT타워 B101호),서울특별시 마포구 상암동 1590 ,커피숍,
휴게음식점,뷰, ,서울특별시 마포구 서교동 366-8 ,커피숍,
휴게음식점,브라운핸즈 창비,서울특별시 마포구 월드컵로12길 7  창비서교빌딩 1층 (서교동),서울특별시 마포구 서교동 475-34 창비서교빌딩 ,커피숍,
휴게음식점,브레댄코카페,서울특별시 마포구 와우산로23길 48  2 3층 (서교동),서울특별시 마포구 서교동 346-34 2 3층 ,커피숍,
휴게음식점,브릭스(BRICKS),서울특별시 마포구 독막로20나길 22  상가2동 B06호 (상수동  래미안밤섬리베뉴1 1단지),서울특별시 마포구 상수동 402 래미안밤섬리베뉴1 1단지 상가2동 B06호,커피숍,
휴게음식점,브이엑스메이트카페,서울특별시 마포구 잔다리로 23  3층 (서교동),서울특별시 마포구 서교동 395-17 ,커피숍,
휴게음식점,블랙베어도넛 서울(망원점),서울특별시 마포구 성미산로6길 53  모멘텀빌딩 1층 일부호 (서교동),서울특별시 마포구 서교동 473-25 모멘텀빌딩 ,커피숍,
휴게음식점,블랙스퀘어 커피,서울특별시 마포구 대흥로 193  1층 (대흥동),서울특별시 마포구 대흥동 12-2 1층일부 ,커피숍,
휴게음식점,블루로그(Bluelog),서울특별시 마포구 토정로 27-1  성우맨션 3층 (합정동),서울특별시 마포구 합정동 369-18 성우맨션 ,커피숍,
휴게음식점,블루블루엣,서울특별시 마포구 백범로31길 7  근린생활시설(획지1)동 지1층 B103호 (공덕동  공덕SK리더스뷰),서울특별시 마포구 공덕동 479 공덕SK리더스뷰 ,커피숍,
휴게음식점,블루샥 상암디디엠씨(DDMC)점,서울특별시 마포구 매봉산로 75  디디엠씨(DDMC) 지하1층 105호(푸드코트18호)호 (상암동),서울특별시 마포구 상암동 1610 디디엠씨(DDMC) ,커피숍,
휴게음식점,블루웨일,서울특별시 마포구 동교로 150 (서교동  1층우측),서울특별시 마포구 서교동 463-15 1층우측 ,커피숍,
휴게음식점,비건해봄,서울특별시 마포구 성미산로15길 72  B01호 (연남동),서울특별시 마포구 연남동 487-439 ,커피숍,
휴게음식점,비비드플라워카페,서울특별시 마포구 성암로 267 (주)문화방송 지1층 B122호 (상암동),서울특별시 마포구 상암동 1603 (주)문화방송 ,커피숍,
휴게음식점,비안빈,서울특별시 마포구 상암산로 76 (상암동  YTN 뉴스퀘어 1층 일부  2층 일부),서울특별시 마포구 상암동 1607 ,커피숍,
휴게음식점,비앙비앙(Bien Viens),서울특별시 마포구 만리재옛길 32 (신공덕동  1층일부),서울특별시 마포구 신공덕동 5-27 1층일부(105호) ,커피숍,
휴게음식점,비앤씨매니아 마포점,서울특별시 마포구 독막로 328  신원빌딩 2층 일부호 (도화동),서울특별시 마포구 도화동 532 신원빌딩 ,커피숍,
휴게음식점,비온카페 (Be On Cafe),서울특별시 마포구 와우산로29길 39  2층 (서교동),서울특별시 마포구 서교동 334-3 ,커피숍,
휴게음식점,빅프라페,서울특별시 마포구 성미산로32길 18  101호 (연남동  해오름),서울특별시 마포구 연남동 239-29 해오름 ,커피숍,
휴게음식점,빅피그커피,서울특별시 마포구 월드컵북로 402  케이지아이티센터 1층 155호 (상암동),서울특별시 마포구 상암동 1601 케이지아이티센터 ,커피숍,
휴게음식점,빈브라더스,서울특별시 마포구 양화로 164 (동교동  양화로164빌딩  3층일부),서울특별시 마포구 동교동 165-4 양화로164빌딩  3층일부 ,커피숍,
휴게음식점,빈스커피,서울특별시 마포구 월드컵북로7길 8 (서교동 1층),서울특별시 마포구 서교동 247-20 1층 ,커피숍,
휴게음식점,'빈입니다',서울특별시 마포구 굴레방로1길 25 (아현동  애오개아이파크 상가 111호),서울특별시 마포구 아현동 780 애오개아이파크 상가 111호 ,커피숍,
휴게음식점,빈포유(Bean for you),서울특별시 마포구 월드컵북로 58 (성산동  1층일부),서울특별시 마포구 성산동 630-20 1층일부 ,커피숍,
휴게음식점,빌로우 BELOW,서울특별시 마포구 포은로6길 4  지층 (망원동),서울특별시 마포구 망원동 403-16 ,커피숍,
휴게음식점,빌리엔젤교보문고합정점,서울특별시 마포구 월드컵로1길 14 (합정동  지하2층B201-5호일부 201-6호),서울특별시 마포구 합정동 472 ,커피숍,
휴게음식점,빠넷빠베,서울특별시 마포구 독막로 지하 85  상수역 지1층 623-1702호 (상수동),서울특별시 마포구 상수동 309-10 상수역 ,커피숍,
휴게음식점,빵앤뺑,서울특별시 마포구 월드컵북로54길 17  1층 133호 (상암동  사보이시티디엠씨),서울특별시 마포구 상암동 1597 사보이시티디엠씨 1층 133호 ,커피숍,
휴게음식점,빽다방 마포시민공원점,서울특별시 마포구 망원로 19  1층 105호 (망원동  참존아파트),서울특별시 마포구 망원동 419-3 참존아파트 ,커피숍,
휴게음식점,빽다방 홍대거리점,서울특별시 마포구 어울마당로 75  1층 (서교동),서울특별시 마포구 서교동 366-19 ,커피숍,
휴게음식점,빽다방 홍대입구점,서울특별시 마포구 와우산로23길 44 (서교동  1층일부),서울특별시 마포구 서교동 346-47 외1필지 1층일부 ,커피숍,
휴게음식점,빽다방망원시장점,서울특별시 마포구 월드컵로13길 34 (망원동  두드림빌딩1층일부),서울특별시 마포구 망원동 375-8 두드림빌딩1층일부 ,커피숍,
휴게음식점,빽다방상암KGIT점,서울특별시 마포구 월드컵북로 402 (상암동  KGIT센터 105호  106호),서울특별시 마포구 상암동 1601 KGIT센터 105호  106호 ,커피숍,
휴게음식점,삡삡(beepbeep),서울특별시 마포구 서강로11길 15  1층 101호 (창전동),서울특별시 마포구 창전동 2-41 ,커피숍,
휴게음식점,사운즈굿(sounds good),서울특별시 마포구 성미산로27길 34 (연남동  2층일부),서울특별시 마포구 연남동 245-43 ,커피숍,
휴게음식점,사유함,서울특별시 마포구 효창원로97길 20  1층 (공덕동),서울특별시 마포구 공덕동 10-23 ,커피숍,
휴게음식점,사이드테이블(Side Table),서울특별시 마포구 동교로47길 3 (연남동  지1층일부),서울특별시 마포구 연남동 229-32 ,커피숍,
휴게음식점,사회적협동조합동방,서울특별시 마포구 토정로 265  1층일부 (용강동),서울특별시 마포구 용강동 494-44 ,커피숍,
휴게음식점,산리오러버스클럽,서울특별시 마포구 와우산로19길 18  가동 1 2층 (서교동),서울특별시 마포구 서교동 364-14 ,커피숍,
휴게음식점,산책하늘도서관점,서울특별시 마포구 월드컵로 212 (성산동  12층일부),서울특별시 마포구 성산동 370 12층일부 ,커피숍,
휴게음식점,산체스커피 로스터스 홍대점,서울특별시 마포구 와우산로 126  창일빌딩 1층 (서교동),서울특별시 마포구 서교동 338-25 창일빌딩 ,커피숍,
휴게음식점,산투아리오(Santuario),서울특별시 마포구 월드컵북로 402  케이지아이티센터 지1층 B140호 (상암동),서울특별시 마포구 상암동 1601 케이지아이티센터 ,커피숍,
휴게음식점,삼성웰스토리(주)우리금융삼암센터카페,서울특별시 마포구 월드컵북로60길 17  우리금융 상암센터 10층 일부호 (상암동),서울특별시 마포구 상암동 1585 우리금융 상암센터 ,커피숍,
휴게음식점,상덕이커피,서울특별시 마포구 월드컵북로2길 65 (동교동  1층 일부),서울특별시 마포구 동교동 157-1 ,커피숍,
휴게음식점,새임새임(same same),서울특별시 마포구 와우산로15길 33  201호 (서교동),서울특별시 마포구 서교동 411-7 ,커피숍,
휴게음식점,샐러드앤카페(salad&coffee),서울특별시 마포구 월드컵로23길 4 (망원동  1층일부),서울특별시 마포구 망원동 484-11 1층일부 ,커피숍,
휴게음식점,샐러드에브리웨어,서울특별시 마포구 어울마당로1길 19  2층 (합정동),서울특별시 마포구 합정동 358-12 ,커피숍,
휴게음식점,샘,서울특별시 마포구 연희로 39 (연남동  지하1층일부),서울특별시 마포구 연남동 226-14 지하1층일부 ,커피숍,
휴게음식점,샤라샤라 홍대점,서울특별시 마포구 와우산로21길 34 (서교동),서울특별시 마포구 서교동 358-46 ,커피숍,
휴게음식점,샤이고스트커피랩,서울특별시 마포구 월드컵로3길 60  1층 101호 (합정동),서울특별시 마포구 합정동 394-23 ,커피숍,
휴게음식점,서교동 그 카페,서울특별시 마포구 동교로19길 66  1층 좌측호 (서교동),서울특별시 마포구 서교동 247-202 ,커피숍,
휴게음식점,서서카페,서울특별시 마포구 양화로 48 (합정동  1층 일부),서울특별시 마포구 합정동 414-21 ,커피숍,
휴게음식점,서울 디자인 고등학교,서울특별시 마포구 백범로 139  동도중 서울디자인고등학교 타동 2층 (염리동),서울특별시 마포구 염리동 150 동도중 서울디자인고등학교 ,커피숍,
휴게음식점,서울메디케어카페,서울특별시 마포구 마포대로 156  지1층 (공덕동  공덕푸르지오시티),서울특별시 마포구 공덕동 475 ,커피숍,
휴게음식점,설빙마포공덕점,서울특별시 마포구 도화길 31-1  2층 (도화동),서울특별시 마포구 도화동 179-11 ,커피숍,
휴게음식점,성영태커피하우스,서울특별시 마포구 마포대로14길 10 (공덕동 2층),서울특별시 마포구 공덕동 105-74 2층 ,커피숍,
휴게음식점,세라젬 웰카페 서울상암디엠씨(DMC)점,서울특별시 마포구 월드컵북로 332  청운빌딩및주택 1 2층 (상암동),서울특별시 마포구 상암동 34-35 청운빌딩및주택 ,커피숍,
휴게음식점,세모디 마포구청역점,서울특별시 마포구 모래내로1길 4  마포상암시티프라디움리버 1층 101호 (성산동),서울특별시 마포구 성산동 593-7 마포상암시티프라디움리버 ,커피숍,
휴게음식점,세븐일레븐,서울특별시 마포구 양화로 27 (합정동  세븐일레븐1층일부),서울특별시 마포구 합정동 383-14 세븐일레븐1층일부 ,커피숍,
휴게음식점,세븐일레븐(마포성산본점),서울특별시 마포구 월드컵북로 69 (성산동  1층 편의점내),서울특별시 마포구 성산동 232-4 1층편의점내 ,커피숍,
휴게음식점,세븐일레븐상암KLID타워점,서울특별시 마포구 성암로 301 (상암동  한국지역정보개발원 1층일부(편의점)),서울특별시 마포구 상암동 1595 한국지역정보개발원 1층일부(편의점) ,커피숍,
휴게음식점,세븐일레븐참누리월드컵단지점,서울특별시 마포구 월드컵북로38길 48  상가동 103호 (중동  월드컵참누리아파트 편의점내일부),서울특별시 마포구 중동 398-1 월드컵참누리아파트 편의점내일부 상가동 103호,커피숍,
휴게음식점,세인트아이브스,서울특별시 마포구 독막로5길 23  2층 (서교동),서울특별시 마포구 서교동 399-4 2층전체 ,커피숍,
휴게음식점,셀렉토커피마포구청점,서울특별시 마포구 모래내로1길 20  103호 (성산동  KCC상암스튜디오380),서울특별시 마포구 성산동 590-4 KCC상암스튜디오380 103호,커피숍,
휴게음식점,셀렉토커피상암누리꿈스퀘어점,서울특별시 마포구 월드컵북로 396  지하1층 B1087호 (상암동),서울특별시 마포구 상암동 1605 누리꿈스퀘어 지하1층 B1087호,커피숍,
휴게음식점,셉트,서울특별시 마포구 양화로11길 41  1층 (서교동),서울특별시 마포구 서교동 386-3 ,커피숍,
휴게음식점,소을 갤러리 카페,서울특별시 마포구 와우산로 161  성경빌딩 4층 402호 (서교동),서울특별시 마포구 서교동 326-6 성경빌딩 ,커피숍,
휴게음식점,소쿠리 커피,서울특별시 마포구 월드컵로25길 89  1층 101호 (망원동),서울특별시 마포구 망원동 421-4 ,커피숍,
휴게음식점,손탁커피YG점,서울특별시 마포구 희우정로1길 6 (합정동  1층 일부),서울특별시 마포구 합정동 398-17 ,커피숍,
휴게음식점,솔트 포레스트(Salt forest),서울특별시 마포구 동교로46길 18-3  1층 (연남동),서울특별시 마포구 연남동 387-40 ,커피숍,
휴게음식점,솔트카페,서울특별시 마포구 숭문길 14 (염리동  2층),서울특별시 마포구 염리동 147-14 ,커피숍,
휴게음식점,솜씨공간,서울특별시 마포구 월드컵북로4길 29  우퍼 빌딩 2층 202호 (동교동),서울특별시 마포구 동교동 203-30 우퍼 빌딩 ,커피숍,
휴게음식점,쇼츠,서울특별시 마포구 월드컵북로 402  케이지아이티센터 1층 157호 (상암동),서울특별시 마포구 상암동 1601 케이지아이티센터 ,커피숍,
휴게음식점,쇼트(SHOT),서울특별시 마포구 매봉산로2길 75  1 2층 (상암동),서울특별시 마포구 상암동 23-5 ,커피숍,
휴게음식점,수다,서울특별시 마포구 와우산로25길 19 (서교동 1층우측),서울특별시 마포구 서교동 342-1 1층우측 ,커피숍,
휴게음식점,수퍼비랩,서울특별시 마포구 동교로 16-10  1층 101호 (합정동),서울특별시 마포구 합정동 450-58 ,커피숍,
휴게음식점,쉐이크 컵,서울특별시 마포구 양화로16길 14  1층 (서교동),서울특별시 마포구 서교동 370-1 ,커피숍,
휴게음식점,쉼,서울특별시 마포구 신수로 56 (신수동  1층 일부),서울특별시 마포구 신수동 371-16 ,커피숍,
휴게음식점,스노잉합정점,서울특별시 마포구 성지길 22 (합정동  1층 일부),서울특별시 마포구 합정동 375-28 ,커피숍,
휴게음식점,스러움,서울특별시 마포구 새창로 10 (도화동  1층일부),서울특별시 마포구 도화동 181-1 1층일부 ,커피숍,
휴게음식점,스몰럭(smallucke),서울특별시 마포구 성미산로29길 14  리인연남 2층 201호 (연남동),서울특별시 마포구 연남동 240-53 리인연남 ,커피숍,
휴게음식점,스무디킹교보문고합정점,서울특별시 마포구 월드컵로1길 14  지2층 B223.222-2일부호 (합정동),서울특별시 마포구 합정동 472 ,커피숍,
휴게음식점,스웨이드,서울특별시 마포구 동교로 185-6  2층 201호 (동교동),서울특별시 마포구 동교동 201-4 ,커피숍,
휴게음식점,스위트번스,서울특별시 마포구 독막로 320  1층 102호  103호 (도화동),서울특별시 마포구 도화동 560 ,커피숍,
휴게음식점,스윗헤르츠,서울특별시 마포구 동교로34길 3  2층 (연남동),서울특별시 마포구 연남동 260-31 ,커피숍,
휴게음식점,스캐터북스(SCATTER BOOKS),서울특별시 마포구 월드컵로11길 44  1층 102호 (망원동),서울특별시 마포구 망원동 380-50 ,커피숍,
휴게음식점,스퀴즈빌리지,서울특별시 마포구 홍익로 10 (서교동),서울특별시 마포구 서교동 486 서교푸르지오  1층 101동 137호,커피숍,
휴게음식점,스타벅스 디지털미디어시티역점,서울특별시 마포구 성암로 179  한샘상암 1층 일부호 (상암동),서울특별시 마포구 상암동 1623 한샘상암 ,커피숍,
휴게음식점,스타벅스 망원한강공원점,서울특별시 마포구 마포나루길 435  2층 (망원동),서울특별시 마포구 망원동 205-5 ,커피숍,
휴게음식점,스타벅스 서강광흥창역점,서울특별시 마포구 서강로 69  1 2층 (창전동),서울특별시 마포구 창전동 130 1 2층 ,커피숍,
휴게음식점,스타벅스 아현역대로점,서울특별시 마포구 신촌로 262  아르띠타워 가동 1층 102 103호 (아현동),서울특별시 마포구 아현동 330-5 ,커피숍,
휴게음식점,스타벅스 합정폴리스R,서울특별시 마포구 양화로 45  B189 B190 B191 B192 B193호 (서교동  메세나폴리스),서울특별시 마포구 서교동 490 메세나폴리스 ,커피숍,
휴게음식점,스타벅스 합정푸르지오점,서울특별시 마포구 월드컵로3길 14  2층 227 228 229호 (합정동  마포 한강 2차 푸르지오),서울특별시 마포구 합정동 473 마포 한강 2차 푸르지오 ,커피숍,
휴게음식점,스타벅스 홍대공항철도역점,서울특별시 마포구 양화로 178  지하1~지상2층 (동교동),서울특별시 마포구 동교동 166-1 지하1~지상2층 ,커피숍,
휴게음식점,스타벅스 홍대역8번출구점,서울특별시 마포구 양화로 166  미래프라자 1층 (동교동),서울특별시 마포구 동교동 165-1 미래프라자 ,커피숍,
휴게음식점,스타벅스공덕,서울특별시 마포구 마포대로 130  동방빌딩  제에이호1층일부 (공덕동),서울특별시 마포구 공덕동 254-8 동방빌딩 ,커피숍,
휴게음식점,스타벅스마포경찰서후문,서울특별시 마포구 마포대로 173-14  마포 센텀 슬로우스퀘어 1층 112~116호 (아현동),서울특별시 마포구 아현동 618-19 마포 센텀 슬로우스퀘어 ,커피숍,
휴게음식점,스타벅스마포아크로점,서울특별시 마포구 마포대로 68 (도화동 마포아크로타워 105 106 117 118 119호),서울특별시 마포구 도화동 563 마포아크로타워 105 106 117 118 119호 ,커피숍,
휴게음식점,스타벅스마포용강동점,서울특별시 마포구 토정로 295  근린생활시설 1~2층 (용강동),서울특별시 마포구 용강동 112-2 근린생활시설1~2 ,커피숍,
휴게음식점,스타벅스마포이마트,서울특별시 마포구 백범로 212 (신공덕동  이마트 2층 일부),서울특별시 마포구 신공덕동 69-2 ,커피숍,
휴게음식점,스타벅스마포일진빌딩점,서울특별시 마포구 마포대로 45 (도화동 일진빌딩 지상1층),서울특별시 마포구 도화동 50-1 일진빌딩 지상1층 ,커피숍,
휴게음식점,스타벅스상암DMC점,서울특별시 마포구 월드컵북로 375 (상암동  DMC이안상암1단지102호 202호),서울특별시 마포구 상암동 1654 ,커피숍,
휴게음식점,스타벅스상암디지털큐브점,서울특별시 마포구 상암산로 34 (상암동  상암디지털큐브빌딩 1층일부),서울특별시 마포구 상암동 1647 상암디지털큐브빌딩 1층일부 ,커피숍,
휴게음식점,스타벅스애오개역점,서울특별시 마포구 마포대로 201  105호 (아현동 마포트라팰리스2차 104 ),서울특별시 마포구 아현동 738 마포트라팰리스2차 104  105호,커피숍,
휴게음식점,스타벅스커피 상암MBC점,서울특별시 마포구 성암로 267 (상암동),서울특별시 마포구 상암동 1603 MBC신사옥 1층 ,커피숍,
휴게음식점,스타벅스커피 서강대흥역,서울특별시 마포구 백범로 89  1~3층 (대흥동),서울특별시 마포구 대흥동 111-1 ,커피숍,
휴게음식점,스타벅스커피 서교동사거리,서울특별시 마포구 양화로 105  1층 (서교동),서울특별시 마포구 서교동 374-20 1층 ,커피숍,
휴게음식점,스타벅스커피 신촌오거리,서울특별시 마포구 신촌로16길 10  지상1  2층 (노고산동),서울특별시 마포구 노고산동 54-1 ,커피숍,
휴게음식점,스타벅스커피공덕오거리점,서울특별시 마포구 마포대로 86 (도화동 창강빌딩 1층),서울특별시 마포구 도화동 22 창강빌딩 1층 ,커피숍,
휴게음식점,스타벅스커피동교점,서울특별시 마포구 월드컵북로 22 (동교동  1층 일부),서울특별시 마포구 동교동 205-6 ,커피숍,
휴게음식점,스타벅스커피상암사보이시티,서울특별시 마포구 월드컵북로54길 17 (상암동  사보이시티디엠씨 111 112 113 208 209호),서울특별시 마포구 상암동 1597 사보이시티디엠씨 111 112 113 208 209호 ,커피숍,
휴게음식점,스타벅스커피서강대점,서울특별시 마포구 백범로 23 (신수동  구프라자 1층일부),서울특별시 마포구 신수동 63-14 구프라자 1층일부 ,커피숍,
휴게음식점,스타벅스커피합정,서울특별시 마포구 월드컵로1길 14 (합정동  마포한강푸르지오 1층110 111 112-2호),서울특별시 마포구 합정동 472 마포한강푸르지오 1층 110 111 112-2호 ,커피숍,
휴게음식점,스타벅스커피홍대역,서울특별시 마포구 양화로 165 (동교동  1층 일부),서울특별시 마포구 동교동 159-1 ,커피숍,
휴게음식점,스타벅스합정메세나몰,서울특별시 마포구 양화로 45 (서교동  메세나폴리스 B1층 161~165호),서울특별시 마포구 서교동 490 ,커피숍,
휴게음식점,스타벅스홍대삼거리점,서울특별시 마포구 와우산로 64 (상수동 1층~2층 일부),서울특별시 마포구 상수동 86-22 1층~2층 일부 ,커피숍,
휴게음식점,스탠스커피(STANCE COFFEE),서울특별시 마포구 와우산로11길 9 (상수동  1층일부),서울특별시 마포구 상수동 93-111 1층일부 ,커피숍,
휴게음식점,스튜디오123(studio123),서울특별시 마포구 마포대로16길 7-14  2층 (아현동),서울특별시 마포구 아현동 424-23 ,커피숍,
휴게음식점,스트뉴(Soutenu),서울특별시 마포구 성미산로23안길 19  1층 (연남동),서울특별시 마포구 연남동 244-8 ,커피숍,
휴게음식점,스트라다로스터스(STRADAROASTERS),서울특별시 마포구 월드컵로3길 14 (합정동  마포한강2차푸르지오 230호),서울특별시 마포구 합정동 473 마포한강2차푸르지오 230호 ,커피숍,
휴게음식점,스페이스 M,서울특별시 마포구 양화로15길 17  4층 (서교동),서울특별시 마포구 서교동 375-46 ,커피숍,
휴게음식점,스프레드 베이크샵,서울특별시 마포구 성미산로26길 9  1층 101호 (연남동),서울특별시 마포구 연남동 252-3 ,커피숍,
휴게음식점,슬롭커피(SLOb COFFEE),서울특별시 마포구 홍익로6길 67  1층 (동교동),서울특별시 마포구 동교동 166-10 1층 ,커피숍,
휴게음식점,슬릿(SLIT),서울특별시 마포구 와우산로21길 21-12  1층 (서교동),서울특별시 마포구 서교동 364-29 ,커피숍,
휴게음식점,시나모롤 스위트카페,서울특별시 마포구 양화로 188  애경타워 2층 (동교동),서울특별시 마포구 동교동 190-1 애경타워 ,커피숍,
휴게음식점,시내당,서울특별시 마포구 신촌로 150  103호 (노고산동  신촌포스빌),서울특별시 마포구 노고산동 1-3 신촌포스빌 ,커피숍,
휴게음식점,시두,서울특별시 마포구 월드컵북로44길 30-11  1층 (상암동),서울특별시 마포구 상암동 18-1 ,커피숍,
휴게음식점,시러피하우스,서울특별시 마포구 독막로19길 8-17  상수빌라 지상1층 (상수동),서울특별시 마포구 상수동 72-43 상수빌라 ,커피숍,
휴게음식점,시루케이크,서울특별시 마포구 어울마당로1길 18  합정주택 1층 (합정동),서울특별시 마포구 합정동 355-8 합정주택 ,커피숍,
휴게음식점,식물카페 화초집,서울특별시 마포구 월드컵로5길 68  1층 101호 (합정동  대운쉐르빌),서울특별시 마포구 합정동 436-30 대운쉐르빌 ,커피숍,
휴게음식점,썬마이야르(Sun maillard),서울특별시 마포구 대흥로 82  1층 (대흥동),서울특별시 마포구 대흥동 303 ,커피숍,
휴게음식점,썸머홀릭,서울특별시 마포구 독막로31길 18  지층일부 (신수동),서울특별시 마포구 신수동 85-24 ,커피숍,
휴게음식점,쓰리팝,서울특별시 마포구 양화로 지하 140 (동교동),서울특별시 마포구 동교동 162-4 지하1층 ,커피숍,
휴게음식점,씨스터브레드,서울특별시 마포구 동교로52길 20-4  지층 102호 (연남동),서울특별시 마포구 연남동 224-51 ,커피숍,
휴게음식점,씨아에프에,서울특별시 마포구 희우정로20길 3  1층 (망원동),서울특별시 마포구 망원동 418-37 ,커피숍,
휴게음식점,씨아이오버(Ci_OVER),서울특별시 마포구 마포대로8길 27 (공덕동  1층),서울특별시 마포구 공덕동 242-8 ,커피숍,
휴게음식점,씨에이씨(CAC),서울특별시 마포구 동교로25길 23  정암빌딩 1층 (동교동),서울특별시 마포구 동교동 203-50 정암빌딩 ,커피숍,
휴게음식점,씨유 마포아이파크 에스케이(SK)뷰점,서울특별시 마포구 신촌로30길 3  1층 (아현동),서울특별시 마포구 아현동 346-32 ,커피숍,
휴게음식점,씨제이씨지브이(주)홍대투썸,서울특별시 마포구 양화로 153  4층 (동교동  일부),서울특별시 마포구 동교동 159-8 ,커피숍,
휴게음식점,아더(Arthur),서울특별시 마포구 희우정로 108 (망원동  1층),서울특별시 마포구 망원동 406-19 ,커피숍,
휴게음식점,아뜰리에 디셈버,서울특별시 마포구 성미산로 170  1층 102호 (연남동),서울특별시 마포구 연남동 239-39 ,커피숍,
휴게음식점,아띠레,서울특별시 마포구 와우산로30길 18 (창전동  지하2층 일부),서울특별시 마포구 창전동 5-129 ,커피숍,
휴게음식점,아르브수카주,서울특별시 마포구 희우정로20길 22-13 (망원동  101호일부),서울특별시 마포구 망원동 408-15 ,커피숍,
휴게음식점,아리스타공덕점,서울특별시 마포구 마포대로 173 (공덕동  마포현대하이엘 1층 104호),서울특별시 마포구 공덕동 463 ,커피숍,
휴게음식점,아마스빈 대흥역점,서울특별시 마포구 백범로 127  1층 103호 (염리동),서울특별시 마포구 염리동 154-8 ,커피숍,
휴게음식점,아마스빈 상수역점,서울특별시 마포구 와우산로 51  지상1층 (상수동),서울특별시 마포구 상수동 93-86 ,커피숍,
휴게음식점,아마스빈마포역점,서울특별시 마포구 삼개로 16 (도화동  근신빌딩 1층일부),서울특별시 마포구 도화동 250-4 근신빌딩 1층일부 ,커피숍,
휴게음식점,아사프(Asaff),서울특별시 마포구 동교로39길 10  1층 좌측호 (연남동),서울특별시 마포구 연남동 255-24 ,커피숍,
휴게음식점,아스트로노머스커피,서울특별시 마포구 양화로19길 22-30 (동교동  지하1층 일부),서울특별시 마포구 동교동 154-29 ,커피숍,
휴게음식점,아이엔유카페사랑신촌점,서울특별시 마포구 백범로 18 (노고산동  미화빌딩 5층일부),서울특별시 마포구 노고산동 107-104 미화빌딩 5층일부 ,커피숍,
휴게음식점,아이엠푸르트 연남동과일가게,서울특별시 마포구 동교로41길 14 (연남동  1층일부),서울특별시 마포구 연남동 229-45 1층일부 ,커피숍,
휴게음식점,아인 소프,서울특별시 마포구 성미산로 31  효원 1층 (성산동),서울특별시 마포구 성산동 245-17 효원 ,커피숍,
휴게음식점,아일랑트,서울특별시 마포구 와우산로21길 19-19  2층 (서교동),서울특별시 마포구 서교동 362-11 ,커피숍,
휴게음식점,아트클로버(Art-Clover),서울특별시 마포구 성미산로 150  1층 (연남동),서울특별시 마포구 연남동 239-49 ,커피숍,
휴게음식점,안녕 도화동.,서울특별시 마포구 도화4길 73  제상가동 제1층 제105-2호 (도화동  현대홈타운),서울특별시 마포구 도화동 353 제상가동 제1층 제105-2호 ,커피숍,
휴게음식점,알버트파크(Albert Park),서울특별시 마포구 연남로3길 72  1층 우측 (연남동),서울특별시 마포구 연남동 563-10 ,커피숍,
휴게음식점,애프터눈커피,서울특별시 마포구 신촌로4길 22-14 (동교동  1 2층),서울특별시 마포구 동교동 176-9 ,커피숍,
휴게음식점,앤드커피점,서울특별시 마포구 마포대로 63-8  삼창프라자빌딩 지하1층 1호 (도화동),서울특별시 마포구 도화동 173 삼창프라자빌딩 ,커피숍,
휴게음식점,앤티크커피(Antique-coffee),서울특별시 마포구 연희로 25-1  2층 (동교동),서울특별시 마포구 동교동 113-3 ,커피숍,
휴게음식점,얀앤욘,서울특별시 마포구 대흥로21길 11  1층 우측 (대흥동),서울특별시 마포구 대흥동 20-10 ,커피숍,
휴게음식점,양촌,서울특별시 마포구 동교로3길 99  1층 102호 (망원동),서울특별시 마포구 망원동 461-1 ,커피숍,
휴게음식점,어딕트,서울특별시 마포구 잔다리로7안길 23  1층 101호 (서교동),서울특별시 마포구 서교동 378-12 ,커피숍,
휴게음식점,어반인,서울특별시 마포구 월드컵북로 15  1층 (서교동  일부),서울특별시 마포구 서교동 445-3 ,커피숍,
휴게음식점,어피스오브(A Piece Of),서울특별시 마포구 와우산로 134  지1층 (서교동),서울특별시 마포구 서교동 338-31 ,커피숍,
휴게음식점,언덕커피,서울특별시 마포구 새창로 52  상가13동 104호 (도화동  도화현대아파트),서울특별시 마포구 도화동 357 도화현대아파트 ,커피숍,
휴게음식점,언스터피(unstuffy),서울특별시 마포구 월드컵로7길 70  라 에스키나 1층 (합정동),서울특별시 마포구 합정동 432-26 라 에스키나 ,커피숍,
휴게음식점,얼스어스,서울특별시 마포구 성미산로 150 (연남동  지1층일부),서울특별시 마포구 연남동 239-49 ,커피숍,
휴게음식점,업타운카페LG마포점,서울특별시 마포구 마포대로 155 (공덕동  1층일부),서울특별시 마포구 공덕동 275 ,커피숍,
휴게음식점,에그드랍(EGG DROP)상수역점,서울특별시 마포구 독막로 77  지하1층 (상수동),서울특별시 마포구 상수동 310-14 ,커피숍,
휴게음식점,에드에드(addadd),서울특별시 마포구 와우산로11길 9-4  지하1층 우측 B03호 (상수동),서울특별시 마포구 상수동 93-104 ,커피숍,
휴게음식점,에비뉴(AVENUE),서울특별시 마포구 성지길 25-24 (합정동  1층),서울특별시 마포구 합정동 371-8 ,커피숍,
휴게음식점,에스엠글로벌상사,서울특별시 마포구 월드컵북로16길 27 (성산동  1층일부),서울특별시 마포구 성산동 20-12 ,커피숍,
휴게음식점,에스프레소바 슈가,서울특별시 마포구 토정로 37  1층 102호 (합정동  휘연),서울특별시 마포구 합정동 368-2 휘연 ,커피숍,
휴게음식점,에쎄카페,서울특별시 마포구 백범로 192 (공덕동  1층일부),서울특별시 마포구 공덕동 471 ,커피숍,
휴게음식점,에이(A)카페,서울특별시 마포구 잔다리로7안길 26  1층 (서교동),서울특별시 마포구 서교동 379-11 1층 ,커피숍,
휴게음식점,에이난(A-Nan),서울특별시 마포구 잔다리로 30 (서교동  해냄빌딩 1층일부),서울특별시 마포구 서교동 368-4 해냄빌딩 1층일부 ,커피숍,
휴게음식점,에이유에프(AUF),서울특별시 마포구 포은로2가길 42  J&C빌딩 1층 (합정동),서울특별시 마포구 합정동 394-5 J&C빌딩 ,커피숍,
휴게음식점,에이치 카페(H CAFE),서울특별시 마포구 마포대로 119  효성[HYOSUNG]공덕 빌딩 지하2층 (공덕동),서울특별시 마포구 공덕동 450 효성[HYOSUNG]공덕 빌딩 ,커피숍,
휴게음식점,에이치엠커피,서울특별시 마포구 성미산로 97  2층 (연남동),서울특별시 마포구 연남동 487-378 ,커피숍,
휴게음식점,에이치파이브-117(H5-117),서울특별시 마포구 만리재로16안길 14  지층 (공덕동),서울특별시 마포구 공덕동 7-106 ,커피숍,
휴게음식점,에프비커피로스터스(FBCOFFEE ROASTERS),서울특별시 마포구 잔다리로 129  1층 (서교동),서울특별시 마포구 서교동 247-58 ,커피숍,
휴게음식점,에피소드,서울특별시 마포구 백범로1길 3  용빌딩 별관 2층 (노고산동),서울특별시 마포구 노고산동 31-191 용빌딩 별관 ,커피숍,
휴게음식점,에픽에스프레소,서울특별시 마포구 대흥로24길 24  마포프레스티지자이 E동 1층 107호 (염리동),서울특별시 마포구 염리동 14-149 ,커피숍,
휴게음식점,엘라와루이,서울특별시 마포구 와우산로27길 62 (서교동 1층),서울특별시 마포구 서교동 347-14 1층 ,커피숍,
휴게음식점,엘지(LG)스탠바이미클럽,서울특별시 마포구 홍익로6길 34  1층 (동교동),서울특별시 마포구 동교동 164-31 ,커피숍,
휴게음식점,엠북카페,서울특별시 마포구 잔다리로 62-1  미래의창빌딩 1층 (서교동),서울특별시 마포구 서교동 376-15 미래의창빌딩 ,커피숍,
휴게음식점,엣모스피어(atmosphere),서울특별시 마포구 망원로 54-1  1층 (망원동),서울특별시 마포구 망원동 416-2 1층 ,커피숍,
휴게음식점,여기 다시,서울특별시 마포구 광성로6길 56  지하1층 B01호 (신수동  노블하우스),서울특별시 마포구 신수동 85-30 노블하우스 ,커피숍,
휴게음식점,여유로우니,서울특별시 마포구 방울내로 54  1층 101호 (망원동  시나아트빌),서울특별시 마포구 망원동 432-3 시나아트빌 ,커피숍,
휴게음식점,연남동그라미,서울특별시 마포구 성미산로32길 10  1층 (연남동  그린하우스),서울특별시 마포구 연남동 239-5 그린하우스 ,커피숍,
휴게음식점,연남방앗간,서울특별시 마포구 동교로29길 34  1층일부 (연남동),서울특별시 마포구 연남동 257-22 ,커피숍,
휴게음식점,예능,서울특별시 마포구 잔다리로 30-11  1층 (서교동),서울특별시 마포구 서교동 368-7 ,커피숍,
휴게음식점,예일타운커피랩(망원점),서울특별시 마포구 망원로 67  1층 (망원동),서울특별시 마포구 망원동 422-29 ,커피숍,
휴게음식점,옐로우벌스데이(YellowBirthday),서울특별시 마포구 독막로4길 11  지1층 (합정동),서울특별시 마포구 합정동 361-39 ,커피숍,
휴게음식점,오(5)빠,서울특별시 마포구 동교로 55-14  303호 (망원동),서울특별시 마포구 망원동 384-48 303호,커피숍,
휴게음식점,오늘  카페(OHNL CAFE),서울특별시 마포구 독막로 248-1  1층 (대흥동),서울특별시 마포구 대흥동 328-31 1층 ,커피숍,
휴게음식점,오늘; 커피,서울특별시 마포구 월드컵로 205  도시개발공사성산아파트 상가동 1층 107호 (성산동),서울특별시 마포구 성산동 595 도시개발공사성산아파트 ,커피숍,
휴게음식점,오늘은,서울특별시 마포구 어울마당로 100-8  3층 (서교동),서울특별시 마포구 서교동 358-62 ,커피숍,
휴게음식점,오디디(odd),서울특별시 마포구 월드컵로10길 17  1층 (서교동),서울특별시 마포구 서교동 476-7 ,커피숍,
휴게음식점,오랑제뜨22,서울특별시 마포구 동교로29길 32  지상1층 (연남동),서울특별시 마포구 연남동 257-23 ,커피숍,
휴게음식점,오페라빈,서울특별시 마포구 마포대로 33  지층 107호 (도화동  마포 한화 오벨리스크),서울특별시 마포구 도화동 555 마포 한화 오벨리스크 ,커피숍,
휴게음식점,오페라빈 합정점,서울특별시 마포구 독막로2길 22  1층 (합정동),서울특별시 마포구 합정동 372-7 ,커피숍,
휴게음식점,오피스오브,서울특별시 마포구 성미산로 107  1층 (연남동),서울특별시 마포구 연남동 488-7 ,커피숍,
휴게음식점,옥스PC방(OX PC방),서울특별시 마포구 월드컵북로 328  1층일부 (상암동),서울특별시 마포구 상암동 31-6 세움테크사옥 ,커피숍,
휴게음식점,올 프로틴(all protein),서울특별시 마포구 동교로38길 33-10  2층 (연남동),서울특별시 마포구 연남동 390-39 ,커피숍,
휴게음식점,올라카페(HOLA CAFE),서울특별시 마포구 월드컵로13길 23 (망원동  2층일부),서울특별시 마포구 망원동 380-22 2층일부 ,커피숍,
휴게음식점,올루(Olu),서울특별시 마포구 성미산로29안길 11  지1층 102호 (연남동),서울특별시 마포구 연남동 241-23 ,커피숍,
휴게음식점,올리브(ALLLIVE),서울특별시 마포구 독막로28길 46  2층 (신수동),서울특별시 마포구 신수동 256-1 2층 ,커피숍,
휴게음식점,옵튼,서울특별시 마포구 동교로46길 40  1층 (연남동),서울특별시 마포구 연남동 227-8 ,커피숍,
휴게음식점,와우 디비디,서울특별시 마포구 홍익로3길 44 (서교동 6층),서울특별시 마포구 서교동 369-4 6층 ,커피숍,
휴게음식점,와플대학(홍대점),서울특별시 마포구 양화로 176  와이즈파크 1층 N22호 (동교동),서울특별시 마포구 동교동 166-14 동교동 스타피카소 ,커피숍,
휴게음식점,와하하(WHH),서울특별시 마포구 희우정로16길 39  1층 (망원동),서울특별시 마포구 망원동 404-8 ,커피숍,
휴게음식점,완포 티 숍(WanPo Tea Shop),서울특별시 마포구 양화로23길 22-10  1 2층 (동교동),서울특별시 마포구 동교동 147-26 ,커피숍,
휴게음식점,요거로밀,서울특별시 마포구 성미산로17길 112  1층 102호 (연남동),서울특별시 마포구 연남동 487-6 ,커피숍,
휴게음식점,요거프레소 홍대교육센터점,서울특별시 마포구 양화로 122  LAB7 1층 (서교동),서울특별시 마포구 서교동 354-8 LAB7 ,커피숍,
휴게음식점,요거프레소마포도화점,서울특별시 마포구 도화길 42-1 (도화동),서울특별시 마포구 도화동 182-7 미도빌딩 1층 일부 ,커피숍,
휴게음식점,요거프레소마포아현점,서울특별시 마포구 마포대로 195 (아현동  마포래미안푸르지오단지내상가 4동 120호),서울특별시 마포구 아현동 774 마포래미안푸르지오단지내상가 4동 120호 ,커피숍,
휴게음식점,요거하우스,서울특별시 마포구 성미산로29길 34  지층 102호 (연남동),서울특별시 마포구 연남동 241-48 ,커피숍,
휴게음식점,우주라이크커피 광흥창역점,서울특별시 마포구 토정로 193  롯데슈퍼 G마포점 내 1층 (구수동),서울특별시 마포구 구수동 60 ,커피숍,
휴게음식점,우주라이크합정역점,서울특별시 마포구 양화로 32 (합정동  1층일부),서울특별시 마포구 합정동 381-25 ,커피숍,
휴게음식점,원 오어 모어(one or more),서울특별시 마포구 와우산로 63  3층 (서교동),서울특별시 마포구 서교동 407-3 ,커피숍,
휴게음식점,원더하우스,서울특별시 마포구 와우산로15길 34  1층 (서교동),서울특별시 마포구 서교동 409-14 ,커피숍,
휴게음식점,원모어프로포즈,서울특별시 마포구 성미산로31길 13  1층 (연남동),서울특별시 마포구 연남동 223-44 ,커피숍,
휴게음식점,원퍼밀 상암 디디엠씨점,서울특별시 마포구 매봉산로 75  디디엠씨(DDMC) 지1층 B106호 푸드코트17호 (상암동),서울특별시 마포구 상암동 1610 디디엠씨(DDMC) ,커피숍,
휴게음식점,월성맨션,서울특별시 마포구 월드컵북로 402  케이지아이티센터 1층 124호 (상암동),서울특별시 마포구 상암동 1601 케이지아이티센터 ,커피숍,
휴게음식점,위드뮤 카페,서울특별시 마포구 양화로 188  애경타워 2층 일부호 (동교동),서울특별시 마포구 동교동 190-1 애경타워 ,커피숍,
휴게음식점,위드커피,서울특별시 마포구 양화로18안길 12 (동교동  1 2층),서울특별시 마포구 동교동 169-17 1 2층 ,커피숍,
휴게음식점,위지안,서울특별시 마포구 고산길 6 (노고산동 2층),서울특별시 마포구 노고산동 31-162 2층 ,커피숍,
휴게음식점,위트러스트커피 게이샤랩,서울특별시 마포구 도화4길 3 (도화동  1층 일부),서울특별시 마포구 도화동 182-5 ,커피숍,
휴게음식점,윈디시카고상암,서울특별시 마포구 월드컵로42길 40  1층 104 105호 (상암동  상암근린상가 ),서울특별시 마포구 상암동 1680 상암근린상가  1층 104 105호,커피숍,
휴게음식점,유니,서울특별시 마포구 와우산로22길 72  2층 202호 (상수동),서울특별시 마포구 상수동 88-17 ,커피숍,
휴게음식점,유동커피 연남점,서울특별시 마포구 동교로29길 42  1층 (연남동),서울특별시 마포구 연남동 257-19 ,커피숍,
휴게음식점,유어퍼블릭오아시스(Your Public Oasis),서울특별시 마포구 양화로6길 57-19 (서교동  1층일부),서울특별시 마포구 서교동 396-15 1층일부 ,커피숍,
휴게음식점,유캔커피(You can coffee),서울특별시 마포구 마포대로 49  성우빌딩 지1층 5호 (도화동),서울특별시 마포구 도화동 51-1 성우빌딩 ,커피숍,
휴게음식점,유희,서울특별시 마포구 마포대로 196  고려아카데미텔 1층 1호 (아현동),서울특별시 마포구 아현동 437-3 고려아카데미텔 ,커피숍,
휴게음식점,음과양,서울특별시 마포구 포은로2가길 6  지1층 B101호 (합정동),서울특별시 마포구 합정동 437-5 ,커피숍,
휴게음식점,이나 더 베어(inah the bear),서울특별시 마포구 독막로2길 31  청암빌딩 1층 (합정동),서울특별시 마포구 합정동 366-12 청암빌딩 ,커피숍,
휴게음식점,이든케이크,서울특별시 마포구 도화4길 19  지원빌딩 지상1층 (도화동),서울특별시 마포구 도화동 195-3 지원빌딩 ,커피숍,
휴게음식점,이디아,서울특별시 마포구 월드컵북로 375 (상암동 DMC 이안상암1단지 1층 107호),서울특별시 마포구 상암동 1654 DMC 이안상암1단지 1층 107호 ,커피숍,
휴게음식점,이디아망원역점,서울특별시 마포구 월드컵로 82-1 (서교동 1층),서울특별시 마포구 서교동 441-11 1층 ,커피숍,
휴게음식점,이디야,서울특별시 마포구 도화길 10 (도화동 1층),서울특별시 마포구 도화동 250-1 1층 ,커피숍,
휴게음식점,이디야,서울특별시 마포구 성미산로 78 (성산동  1층일부),서울특별시 마포구 성산동 228-1 ,커피숍,
휴게음식점,이디야,서울특별시 마포구 홍익로3길 36  102호 (서교동  1층일부),서울특별시 마포구 서교동 369-44 ,커피숍,
휴게음식점,이디야,서울특별시 마포구 서강로 135 (노고산동 1층),서울특별시 마포구 노고산동 57-38 1층 ,커피숍,
휴게음식점,이디야 마포오벨리스크점,서울특별시 마포구 마포대로 33 (도화동 한화오벨리스크1층103호),서울특별시 마포구 도화동 555 한화오벨리스크1층103호 ,커피숍,
휴게음식점,이디야 하나로마트 신촌점,서울특별시 마포구 신촌로 66  농협중앙회 1층 (노고산동),서울특별시 마포구 노고산동 49-31 농협중앙회 ,커피숍,
휴게음식점,이디야(성산점),서울특별시 마포구 월드컵북로 137 (성산동  CS타워 1층일부),서울특별시 마포구 성산동 56-1 ,커피숍,
휴게음식점,이디야(홍대청기와점),서울특별시 마포구 월드컵북로 7 (서교동 1층),서울특별시 마포구 서교동 351-5 1층 ,커피숍,
휴게음식점,이디야공덕점,서울특별시 마포구 마포대로8길 15  1 2층 (공덕동),서울특별시 마포구 공덕동 249-24 ,커피숍,
휴게음식점,이디야광흥창역,서울특별시 마포구 창전로 45 (창전동  한화오벨리스크 102동 104호),서울특별시 마포구 창전동 442 ,커피숍,
휴게음식점,이디야마포데시앙점,서울특별시 마포구 독막로 320 (도화동 마포태영데시앙 1층 104호),서울특별시 마포구 도화동 560 마포태영데시앙 1층 104호 ,커피숍,
휴게음식점,이디야망원중앙점,서울특별시 마포구 월드컵로 147  1층 (망원동),서울특별시 마포구 망원동 477-3 1층 ,커피숍,
휴게음식점,이디야우리기술점,서울특별시 마포구 월드컵북로56길 9 (상암동  (주)우리기술빌딩 1층 102호),서울특별시 마포구 상암동 1593 ,커피숍,
휴게음식점,이디야커피,서울특별시 마포구 성암로13길 58 (상암동  1층),서울특별시 마포구 상암동 1522 ,커피숍,
휴게음식점,이디야커피 대흥역점,서울특별시 마포구 백범로 100  1 2층 (대흥동),서울특별시 마포구 대흥동 263-1 1 2층 ,커피숍,
휴게음식점,이디야커피 합정역점,서울특별시 마포구 양화로11길 54  지상1층 (서교동),서울특별시 마포구 서교동 384-12 ,커피숍,
휴게음식점,이디야커피(마포구청점),서울특별시 마포구 월드컵로 196 (성산동  대명비첸시티 104호),서울특별시 마포구 성산동 591-4 ,커피숍,
휴게음식점,이디야커피(애오개역점),서울특별시 마포구 마포대로 208  104호 (아현동  효성안텔리안),서울특별시 마포구 아현동 733 효성인텔리안 104호,커피숍,
휴게음식점,이디야커피서강대점,서울특별시 마포구 백범로 34  1층 (신수동),서울특별시 마포구 신수동 81-77 ,커피숍,
휴게음식점,이디야커피전문점,서울특별시 마포구 월드컵북로 396 (상암동),서울특별시 마포구 상암동 1605 누리꿈스퀘어 1층 110호 ,커피숍,
휴게음식점,이디야커피합정LIG점,서울특별시 마포구 양화로1길 21 (합정동  B동 1층 일부),서울특별시 마포구 합정동 392-3 ,커피숍,
휴게음식점,이목차방,서울특별시 마포구 와우산로 111  1층 (서교동),서울특별시 마포구 서교동 343-2 ,커피숍,
휴게음식점,이삭토스트,서울특별시 마포구 성미산로 39  1층 (성산동  좌측),서울특별시 마포구 성산동 244-6 ,커피숍,
휴게음식점,이상,서울특별시 마포구 월드컵북로5나길 18  1층 109호 (서교동  서교동대우미래사랑 ),서울특별시 마포구 서교동 487 서교동대우미래사랑 1층 109호,커피숍,
휴게음식점,이오월,서울특별시 마포구 성암로 219-3  1층 (상암동),서울특별시 마포구 상암동 2-34 ,커피숍,
휴게음식점,이트(Yeet),서울특별시 마포구 독막로38길 7  1층 1호 (대흥동),서울특별시 마포구 대흥동 401 ,커피숍,
휴게음식점,인더스트(INDUST),서울특별시 마포구 동교로12안길 31  보누스 1층 (서교동),서울특별시 마포구 서교동 481-13 보누스 ,커피숍,
휴게음식점,인블랭크,서울특별시 마포구 독막로32길 22  232 haus 1층 (신수동),서울특별시 마포구 신수동 232 232 haus ,커피숍,
휴게음식점,인슈어(ensure),서울특별시 마포구 와우산로29길 48-14  서교타운 2층 (서교동),서울특별시 마포구 서교동 328-28 서교타운 ,커피숍,
휴게음식점,일본인회화카페(cafe) 호타루,서울특별시 마포구 백범로1길 8-7  2층 (노고산동),서울특별시 마포구 노고산동 31-50 ,커피숍,
휴게음식점,일진빌딩카페(edelia),서울특별시 마포구 마포대로 45 (도화동  일진빌딩지1호 지2호 지3호일부),서울특별시 마포구 도화동 50-1 일진빌딩 지1호 지2호 지3호일부 ,커피숍,
휴게음식점,잇푸쿠(ippuku 一服),서울특별시 마포구 성암로3길 34  1층 101호 일부 (중동),서울특별시 마포구 중동 254 ,커피숍,
휴게음식점,잉큼,서울특별시 마포구 동교로 212-8  1층 (동교동),서울특별시 마포구 동교동 153-25 ,커피숍,
휴게음식점,자미당 홍대점,서울특별시 마포구 동교로27길 22  1층 (동교동),서울특별시 마포구 동교동 197-4 ,커피숍,
휴게음식점,자스아일랜드,서울특별시 마포구 동교로27길 12 (동교동 1층좌측),서울특별시 마포구 동교동 198-8 1층좌측 ,커피숍,
휴게음식점,재신,서울특별시 마포구 월드컵북로 24  1층 (동교동),서울특별시 마포구 동교동 205-5 ,커피숍,
휴게음식점,정항우 디저트&카페,서울특별시 마포구 동교로29길 48 (연남동  디엠사옥 1층),서울특별시 마포구 연남동 257-18 디엠사옥 1층 ,커피숍,
휴게음식점,제너럴포스트오피스,서울특별시 마포구 어울마당로2길 10 (당인동  1층일부),서울특별시 마포구 당인동 24-11 1층일부 ,커피숍,
휴게음식점,젬블리스(Gembliss),서울특별시 마포구 광성로 17  1층 109호 (신수동  신촌숲아이파크),서울특별시 마포구 신수동 93-102 신촌숲아이파크 ,커피숍,
휴게음식점,조선다방,서울특별시 마포구 홍익로3길 11  1층 (서교동),서울특별시 마포구 서교동 365-5 ,커피숍,
휴게음식점,조앤도슨(Jo & Dawson),서울특별시 마포구 동교로41길 31  지층 좌측 B102호 (연남동),서울특별시 마포구 연남동 254-8 ,커피숍,
휴게음식점,존스몰커피로스터리,서울특별시 마포구 토정로25길 12  지상1층 (용강동),서울특별시 마포구 용강동 494-18 ,커피숍,
휴게음식점,종이숲,서울특별시 마포구 희우정로 93  1층 (망원동),서울특별시 마포구 망원동 457-30 ,커피숍,
휴게음식점,좋아하면울리는,서울특별시 마포구 신수로 59  1층 (신수동),서울특별시 마포구 신수동 345-6 ,커피숍,
휴게음식점,좋은아침커뮤니케이션즈,서울특별시 마포구 마포대로 78  자람빌딩 1층 (도화동),서울특별시 마포구 도화동 566 자람빌딩 ,커피숍,
휴게음식점,죠스테이블,서울특별시 마포구 와우산로 56 (상수동  극동방송 지하1층 일부),서울특별시 마포구 상수동 89-1 ,커피숍,
휴게음식점,주니아 서교점,서울특별시 마포구 월드컵북로7길 30 (서교동  1층일부),서울특별시 마포구 서교동 453-1 ,커피숍,
휴게음식점,주식회사모두락애경산업,서울특별시 마포구 양화로 188  7층 (동교동),서울특별시 마포구 동교동 190-1 7층 ,커피숍,
휴게음식점,준 바이 누아네,서울특별시 마포구 광성로 27  1층 (신수동),서울특별시 마포구 신수동 91-395 ,커피숍,
휴게음식점,준 바이 누아네 2호점,서울특별시 마포구 마포대로 173-14  마포 센텀 슬로우스퀘어 1동 1층 109호 (아현동),서울특별시 마포구 아현동 618-19 마포 센텀 슬로우스퀘어 ,커피숍,
휴게음식점,쥬씨 망원시장점,서울특별시 마포구 망원로 77  1층일부 (망원동),서울특별시 마포구 망원동 423-16 ,커피숍,
휴게음식점,쥬씨 상암월드컵점,서울특별시 마포구 월드컵로 240  2층 XP Y30호 (성산동), ,커피숍,
휴게음식점,쥬씨(공덕점),서울특별시 마포구 만리재로 15  107호 (공덕동 제일빌딩 1층),서울특별시 마포구 공덕동 256-13 제일빌딩 1층 107호,커피숍,
휴게음식점,지모,서울특별시 마포구 와우산로23길 9  칼리오페 3층 301호 (서교동),서울특별시 마포구 서교동 344-6 칼리오페 ,커피숍,
휴게음식점,지에스(GS)25 서강자이점,서울특별시 마포구 토정로 192 (구수동  1층일부),서울특별시 마포구 구수동 68-8 1층일부 ,커피숍,
휴게음식점,지에스25 합정당인점,서울특별시 마포구 독막로8길 27  1층 (합정동),서울특별시 마포구 합정동 358-2 ,커피숍,
휴게음식점,지에스25마포금솔점,서울특별시 마포구 만리재옛길 46 (신공덕동  1층일부),서울특별시 마포구 신공덕동 5 ,커피숍,
휴게음식점,지커피(GCOFFEE),서울특별시 마포구 동교로 156-4  1층 (서교동),서울특별시 마포구 서교동 352-11 1층 ,커피숍,
휴게음식점,지파운데이션 나눔가게&카페,서울특별시 마포구 동교로23길 26  1층 (동교동),서울특별시 마포구 동교동 203-17 일레븐나인 ,커피숍,
휴게음식점,진류,서울특별시 마포구 토정로 12-3  1층 (합정동),서울특별시 마포구 합정동 197-3 ,커피숍,
휴게음식점,차밍랜드,서울특별시 마포구 와우산로37길 28  제이에이치204 지1층 102호 (동교동),서울특별시 마포구 동교동 177-15 제이에이치204 ,커피숍,
휴게음식점,차차티클럽,서울특별시 마포구 동교로30길 6  연트럴타워 4 5층 (동교동),서울특별시 마포구 동교동 150-2 연트럴타워 ,커피숍,
휴게음식점,착한커피,서울특별시 마포구 신촌로16길 30  1층 (노고산동),서울특별시 마포구 노고산동 56-6 ,커피숍,
휴게음식점,참나무숲,서울특별시 마포구 양화로 81  1층 (서교동),서울특별시 마포구 서교동 378-10 ,커피숍,
휴게음식점,참좋은 하루,서울특별시 마포구 월드컵로19길 20  지1층 (망원동),서울특별시 마포구 망원동 57-42 ,커피숍,
휴게음식점,책방 수프,서울특별시 마포구 월드컵로25길 74  1층 2호 (망원동),서울특별시 마포구 망원동 427-10 ,커피숍,
휴게음식점,청담남녀,서울특별시 마포구 희우정로15길 9 (망원동  1층),서울특별시 마포구 망원동 457-15 1층 ,커피숍,
휴게음식점,청산에 살어리랏다,서울특별시 마포구 월드컵북로 402 (상암동 지1층KGIT센터B129호),서울특별시 마포구 상암동 1601 지1층KGIT센터B129호 ,커피숍,
휴게음식점,청수당 공명,서울특별시 마포구 성미산로 152  1 2층 (연남동),서울특별시 마포구 연남동 239-48 ,커피숍,
휴게음식점,청안사주와 문경타로점 사주카페,서울특별시 마포구 어울마당로 122-1 (서교동 3층),서울특별시 마포구 서교동 346-42 3층 ,커피숍,
휴게음식점,청춘124,서울특별시 마포구 양화로7길 44-7  1층 (서교동),서울특별시 마포구 서교동 381-11 ,커피숍,
휴게음식점,츄로101홍대본점,서울특별시 마포구 어울마당로 128  1층 (서교동),서울특별시 마포구 서교동 346-1 1층 ,커피숍,
휴게음식점,치키차카초코 서교점,서울특별시 마포구 잔다리로 40  1층 (서교동),서울특별시 마포구 서교동 368-9 ,커피숍,
휴게음식점,칠그램상암DMC점,서울특별시 마포구 월드컵북로60길 13  1층 101호 (상암동  DMC VILLE),서울특별시 마포구 상암동 1584 DMC VILLE ,커피숍,
휴게음식점,ㅋㅋ다방엘큐브홍대점,서울특별시 마포구 홍익로 26 (동교동  1층일부),서울특별시 마포구 동교동 163-20 1?일 ,커피숍,
휴게음식점,카마르 kamar,서울특별시 마포구 성미산로 34 (성산동  1층),서울특별시 마포구 성산동 642-4 ,커피숍,
휴게음식점,카멜리아(Camellia),서울특별시 마포구 동교로45길 8  1층 (연남동),서울특별시 마포구 연남동 229-30 ,커피숍,
휴게음식점,카멜커피 9호점,서울특별시 마포구 동교로51길 111-6 (연남동),서울특별시 마포구 연남동 453-20 ,커피숍,
휴게음식점,카카오다다,서울특별시 마포구 희우정로10길 15  102호 (망원동  망원1차대림 아파트상가),서울특별시 마포구 망원동 496 망원1차대림아파트상가 102호,커피숍,
휴게음식점,카툰공감홍대점,서울특별시 마포구 홍익로3길 44 (서교동  호곡빌딩 4층일부),서울특별시 마포구 서교동 369-4 호곡빌딩 4층일부 ,커피숍,
휴게음식점,카페  새록,서울특별시 마포구 홍익로 3-12  1층 101호 (서교동),서울특별시 마포구 서교동 358-22 ,커피숍,
휴게음식점,카페 게이트 망원역점,서울특별시 마포구 월드컵로 67  1층 (망원동),서울특별시 마포구 망원동 378-11 ,커피숍,
휴게음식점,카페 곤(Cafe Gon),서울특별시 마포구 월드컵북로54길 17  사보이시티디엠씨 지1층 B112호 (상암동),서울특별시 마포구 상암동 1597 사보이시티디엠씨 ,커피숍,
휴게음식점,카페 너와 늘,서울특별시 마포구 월드컵로3길 31-8  2층 (합정동),서울특별시 마포구 합정동 388-10 ,커피숍,
휴게음식점,카페 단 ,서울특별시 마포구 와우산로29마길 10-4  2층 (서교동),서울특별시 마포구 서교동 332-36 ,커피숍,
휴게음식점,카페 단색,서울특별시 마포구 독막로 29  1층 (합정동),서울특별시 마포구 합정동 412-7 ,커피숍,
휴게음식점,카페 단호박,서울특별시 마포구 월드컵로1길 45  1층 (합정동),서울특별시 마포구 합정동 382-28 ,커피숍,
휴게음식점,카페 더슬로우컴퍼니,서울특별시 마포구 월드컵북로6길 92  5층 501호 (동교동),서울특별시 마포구 동교동 197-34 ,커피숍,
휴게음식점,카페 델카미노,서울특별시 마포구 어울마당로 44  1층 (서교동),서울특별시 마포구 서교동 408-29 ,커피숍,
휴게음식점,카페 라래,서울특별시 마포구 와우산로29마길 7 (서교동  1층일부),서울특별시 마포구 서교동 333-29 ,커피숍,
휴게음식점,카페 로제,서울특별시 마포구 와우산로29길 40-18  3층 (서교동),서울특별시 마포구 서교동 328-39 ,커피숍,
휴게음식점,카페 마가렛,서울특별시 마포구 성미산로29길 10  1 2층 (연남동),서울특별시 마포구 연남동 240-49 ,커피숍,
휴게음식점,카페 마루(cafe MARU),서울특별시 마포구 홍익로 18  1층 (서교동),서울특별시 마포구 서교동 345-9 ,커피숍,
휴게음식점,카페 본주르 유나이티드,서울특별시 마포구 매봉산로 31 (상암동  1층일부),서울특별시 마포구 상암동 1648 ,커피숍,
휴게음식점,카페 봄봄,서울특별시 마포구 대흥로 164  근린생활시설-2(3획지)동 1층 F-103호 (염리동  마포프레스티지자이),서울특별시 마포구 염리동 532-7 마포프레스티지자이 ,커피숍,
휴게음식점,카페 브라이터,서울특별시 마포구 마포대로4길 47-3  1층일부 (도화동),서울특별시 마포구 도화동 157-2 ,커피숍,
휴게음식점,카페 비글(Cafe B.글),서울특별시 마포구 광성로 36-1  1층 (신수동),서울특별시 마포구 신수동 89-6 ,커피숍,
휴게음식점,카페 비비드(CAFE VIVID),서울특별시 마포구 독막로3길 28-18  1층 (서교동),서울특별시 마포구 서교동 396-10 ,커피숍,
휴게음식점,카페 산티아고,서울특별시 마포구 양화로7길 6-5  1동 2층 201호 (서교동  와와빌딩),서울특별시 마포구 서교동 391-18 와와빌딩 ,커피숍,
휴게음식점,카페 성산,서울특별시 마포구 월드컵로28길 13  1층 (성산동),서울특별시 마포구 성산동 258-4 ,커피숍,
휴게음식점,카페 세레니티(cafe Serenity),서울특별시 마포구 동교로9길 70  평화 2층 (망원동),서울특별시 마포구 망원동 373-7 평화 ,커피숍,
휴게음식점,카페 아벨롭,서울특별시 마포구 양화로15안길 6  1층 (서교동),서울특별시 마포구 서교동 375-2 ,커피숍,
휴게음식점,카페 아이 갓 에브리띵 케이티엔지 상상마당 홍대점,서울특별시 마포구 어울마당로 65  상상마당빌딩 3층 (서교동),서울특별시 마포구 서교동 367-5 상상마당빌딩 ,커피숍,
휴게음식점,카페 안온,서울특별시 마포구 고산길 19  1층 (노고산동),서울특별시 마포구 노고산동 31-72 ,커피숍,
휴게음식점,카페 연남색,서울특별시 마포구 연남로 21  1층 101호 일부호 (연남동  까사벨라),서울특별시 마포구 연남동 515-22 까사벨라 ,커피숍,
휴게음식점,카페 옐로우 라인,서울특별시 마포구 월드컵북로 57  1층 101호 (성산동),서울특별시 마포구 성산동 631-6 ,커피숍,
휴게음식점,카페 요이(Cafe Yo2),서울특별시 마포구 월드컵로 47  2층 (합정동),서울특별시 마포구 합정동 427-6 ,커피숍,
휴게음식점,카페 이벤트 디(Cafe Event D),서울특별시 마포구 어울마당로 136-24  3층 (서교동),서울특별시 마포구 서교동 347-11 ,커피숍,
휴게음식점,카페 이유,서울특별시 마포구 와우산로29마길 7-8  지1층 좌측호 (서교동),서울특별시 마포구 서교동 333-37 ,커피숍,
휴게음식점,카페 줄,서울특별시 마포구 신촌로4길 11  A동 3층 일부호 (동교동),서울특별시 마포구 동교동 179-38 ,커피숍,
휴게음식점,카페 지오에이티,서울특별시 마포구 양화로 45  몰동 지1층 B188호 (서교동  메세나폴리스),서울특별시 마포구 서교동 490 메세나폴리스 ,커피숍,
휴게음식점,카페 콘티고,서울특별시 마포구 백범로25길 1  1층 (염리동),서울특별시 마포구 염리동 148-8 덕성한의원 ,커피숍,
휴게음식점,카페 포스터,서울특별시 마포구 연남로3길 13  2층 (연남동),서울특별시 마포구 연남동 566-38 ,커피숍,
휴게음식점,카페(cafe)147-50,서울특별시 마포구 양화로23길 10-8  1층 좌측호 (동교동),서울특별시 마포구 동교동 147-50 ,커피숍,
휴게음식점,카페105,서울특별시 마포구 연남로5길 12  1 2층 (연남동),서울특별시 마포구 연남동 509-4 1 2층 ,커피숍,
휴게음식점,카페29,서울특별시 마포구 환일길 29  지하1층 1호 (아현동),서울특별시 마포구 아현동 723-10 ,커피숍,
휴게음식점,카페E.M.S(CafeE.M.S),서울특별시 마포구 토정로14길 10 (구수동),서울특별시 마포구 구수동 68-2 1층일부 ,커피숍,
휴게음식점,카페GLAD,서울특별시 마포구 월드컵북로30길 13  상가동 1층 102호 (성산동  성산월드타운대림아파트 ),서울특별시 마포구 성산동 601 성산월드타운대림아파트 1층 상가동 102호,커피숍,
휴게음식점,카페가가,서울특별시 마포구 도화길 12  1층 (도화동),서울특별시 마포구 도화동 201-14 ,커피숍,
휴게음식점,카페게이트 상암DMC점,서울특별시 마포구 월드컵북로 402  케이지아이티센터 1층 128호 (상암동),서울특별시 마포구 상암동 1601 케이지아이티센터 ,커피숍,
휴게음식점,카페게이트 신촌청년주택점,서울특별시 마포구 서강로 75-16  지1층 B06호 일부호 (창전동  이랜드 PEER 신촌),서울특별시 마포구 창전동 450 이랜드 PEER 신촌 ,커피숍,
휴게음식점,카페글렌공덕점,서울특별시 마포구 만리재로 123 (공덕동  YD레지던스 B101호 B102호),서울특별시 마포구 공덕동 31-1 YD레지던스 B101호 B102호 ,커피숍,
휴게음식점,카페네이,서울특별시 마포구 성미산로 198  1층 9호 (연남동),서울특별시 마포구 연남동 227-15 ,커피숍,
휴게음식점,카페노란코끼리망원점,서울특별시 마포구 월드컵로 61 (망원동  1층일부),서울특별시 마포구 망원동 386-3 ,커피숍,
휴게음식점,카페놀다,서울특별시 마포구 신수로 61 (신수동  우주빌딩 1층일부),서울특별시 마포구 신수동 345-2 우주빌딩 1층일부 ,커피숍,
휴게음식점,카페니타(cafe NITA),서울특별시 마포구 와우산로29라길 20  1층 좌측호 (서교동),서울특별시 마포구 서교동 333-13 ,커피숍,
휴게음식점,카페다카포,서울특별시 마포구 동교로17길 34 (서교동  1층),서울특별시 마포구 서교동 451-41 ,커피숍,
휴게음식점,카페달토끼,서울특별시 마포구 월드컵북로44길 35-8 (상암동  1층),서울특별시 마포구 상암동 34-10 ,커피숍,
휴게음식점,카페달하루,서울특별시 마포구 망원로 33 (망원동),서울특별시 마포구 망원동 420-19 1층 일부 ,커피숍,
휴게음식점,카페드랑페르,서울특별시 마포구 동교로 185-6  1층 101호 (동교동),서울특별시 마포구 동교동 201-4 ,커피숍,
휴게음식점,카페드림,서울특별시 마포구 백범로 35 (신수동 서강대 곤자가플라자 109호),서울특별시 마포구 신수동 1-1 서강대 곤자가플라자 109호 ,커피숍,
휴게음식점,카페라부에노,서울특별시 마포구 독막로 101 (상수동  비알엘리텔 A동 1층 104호),서울특별시 마포구 상수동 141-1 ,커피숍,
휴게음식점,카페라이킷,서울특별시 마포구 방울내로11길 24  1층일부 (망원동),서울특별시 마포구 망원동 472-18 ,커피숍,
휴게음식점,카페라쿤,서울특별시 마포구 마포대로 179-3  1층  지하1층 (아현동),서울특별시 마포구 아현동 618-22 ,커피숍,
휴게음식점,카페롤다운(cafe ROll DOWN),서울특별시 마포구 동교로39길 4-8  1층 101호 (연남동),서울특별시 마포구 연남동 255-17 ,커피숍,
휴게음식점,카페리 상암점,서울특별시 마포구 월드컵북로44길 40 (상암동  1층일부),서울특별시 마포구 상암동 17-2 1층일부 ,커피숍,
휴게음식점,카페리시오,서울특별시 마포구 백범로 35  서강대학교 지하1층 (신수동),서울특별시 마포구 신수동 1-1 서강대학교 ,커피숍,
휴게음식점,카페마루,서울특별시 마포구 창전로 66 (신수동  1층 일부),서울특별시 마포구 신수동 105-2 1층 일부 ,커피숍,
휴게음식점,카페모모,서울특별시 마포구 굴레방로 25 (아현동  1층일부),서울특별시 마포구 아현동 291-1 ,커피숍,
휴게음식점,카페모아마포중앙도서관점(실로암인더스트리근로사업장),서울특별시 마포구 성산로 128 (성산동  마포중앙도서관2층2호),서울특별시 마포구 성산동 275-3 마포중앙도서관2층2호 ,커피숍,
휴게음식점,카페몰리한겨레점,서울특별시 마포구 효창목길 6  한겨레신문사 4층 (공덕동),서울특별시 마포구 공덕동 116-25 한겨레신문사 4층 ,커피숍,
휴게음식점,카페바운스,서울특별시 마포구 마포대로 196 (아현동  고려아카데미텔 지하1층 6호),서울특별시 마포구 아현동 437-3 ,커피숍,
휴게음식점,카페밤비 2호점,서울특별시 마포구 월드컵로21길 18  가동 1층 (망원동),서울특별시 마포구 망원동 57-498 ,커피숍,
휴게음식점,카페붐벅(성산점),서울특별시 마포구 월드컵북로12안길 13 (성산동  1층일부),서울특별시 마포구 성산동 114-19 1층일부 ,커피숍,
휴게음식점,카페블루오,서울특별시 마포구 마포대로 174 (공덕동  서울서부지방검찰청 1층 일부),서울특별시 마포구 공덕동 105-1 ,커피숍,
휴게음식점,카페삼사오,서울특별시 마포구 홍익로2길 7  1층 101 102호 (서교동),서울특별시 마포구 서교동 345-8 ,커피숍,
휴게음식점,카페아이엠티마포아크로타워점,서울특별시 마포구 마포대로 68  1층 122호 (도화동  마포아크로타워),서울특별시 마포구 도화동 563 마포아크로타워1층122호 ,커피숍,
휴게음식점,카페안달루시아,서울특별시 마포구 성암로 79  상가 지3층 104호 (중동  성산2차현대아파트),서울특별시 마포구 중동 40-12 성산2차현대아파트 ,커피숍,
휴게음식점,카페어니스티(cafe honesty),서울특별시 마포구 양화로8길 9 (서교동 1층),서울특별시 마포구 서교동 395-48 1층 ,커피숍,
휴게음식점,카페오디디오 공덕점,서울특별시 마포구 마포대로11길 94  1층 좌측호 (염리동),서울특별시 마포구 염리동 27-46 ,커피숍,
휴게음식점,카페이스,서울특별시 마포구 홍익로3길 20 (서교동  서교오피스텔지2층일부),서울특별시 마포구 서교동 357-1 서교오피스텔지2층일부 ,커피숍,
휴게음식점,카페인중독 신촌점,서울특별시 마포구 신촌로 140  신촌예스빌딩 1층 101호 (노고산동),서울특별시 마포구 노고산동 1-23 신촌예스빌딩 ,커피숍,
휴게음식점,카페인중독(망원점),서울특별시 마포구 방울내로 79  1층 103호 (망원동),서울특별시 마포구 망원동 473-5 ,커피숍,
휴게음식점,카페일육삼,서울특별시 마포구 양화로1길 25-3  2층 201호 (합정동),서울특별시 마포구 합정동 392-12 ,커피숍,
휴게음식점,카페자우,서울특별시 마포구 월드컵로3길 14  지하1층 (합정동  B170호일부),서울특별시 마포구 합정동 473 ,커피숍,
휴게음식점,카페쟈스(CAFE JASS),서울특별시 마포구 마포대로 33  1층 101 102-1호 (도화동  마포한화오벨리스크),서울특별시 마포구 도화동 555 마포한화오벨리스크 101 102-1호,커피숍,
휴게음식점,카페지디,서울특별시 마포구 백범로 170  102동 1층 1호 (공덕동  공덕더샵아파트),서울특별시 마포구 공덕동 478 공덕더샵아파트 ,커피숍,
휴게음식점,카페지스타,서울특별시 마포구 월드컵로25길 7  좌측 1층 (망원동),서울특별시 마포구 망원동 482-6 ,커피숍,
휴게음식점,카페캠퍼,서울특별시 마포구 와우산로 94 (상수동  홍익대학교 제2기숙사 지1층일부),서울특별시 마포구 상수동 72-1 홍익대학교 제2기숙사 지1층일부 ,커피숍,
휴게음식점,카페코나퀸즈마포점(cafe konaqueens),서울특별시 마포구 마포대로 34 (도화동  1층일부),서울특별시 마포구 도화동 292-20 1층일부 ,커피숍,
휴게음식점,카페쿠키드,서울특별시 마포구 어울마당로5길 25  1층 (서교동),서울특별시 마포구 서교동 400-2 ,커피숍,
휴게음식점,카페퀼트비,서울특별시 마포구 포은로 67 (망원동  1층 일부),서울특별시 마포구 망원동 394-86 ,커피숍,
휴게음식점,카페크레마(cafe crema),서울특별시 마포구 양화로3길 15 (합정동  1층일부),서울특별시 마포구 합정동 387-20 1층일부 ,커피숍,
휴게음식점,카페크레아팜,서울특별시 마포구 창전로2길 31  1층 (신수동),서울특별시 마포구 신수동 101-24 ,커피숍,
휴게음식점,카페탱크식스(cafeTANK6),서울특별시 마포구 증산로 87 (성산동  지하2층일부),서울특별시 마포구 성산동 661 ,커피숍,
휴게음식점,카페테드,서울특별시 마포구 성미산로32길 51 (연남동  지층),서울특별시 마포구 연남동 256-8 지층 ,커피숍,
휴게음식점,카페테틈,서울특별시 마포구 동교로36길 15  1 2층 (연남동),서울특별시 마포구 연남동 382-14 ,커피숍,
휴게음식점,카페테티스 Cafe Tethys,서울특별시 마포구 월드컵로 205 (성산동  성산임대상가107호),서울특별시 마포구 성산동 595 ,커피숍,
휴게음식점,카페토브,서울특별시 마포구 백범로1길 8-15  1호 (노고산동),서울특별시 마포구 노고산동 31-74 ,커피숍,
휴게음식점,카페토브(CAFE TOV),서울특별시 마포구 대흥로 156  대흥교회 1 2층 (대흥동),서울특별시 마포구 대흥동 28-45 대흥교회 ,커피숍,
휴게음식점,카페트렌홍대점,서울특별시 마포구 양화로 지하 188 (동교동  공항철도 홍대입구역 지하2층),서울특별시 마포구 동교동 190-1 ,커피숍,
휴게음식점,카페틔움,서울특별시 마포구 월드컵로14길 13 (서교동  1층),서울특별시 마포구 서교동 442-28 ,커피숍,
휴게음식점,카페페드로끼상암점,서울특별시 마포구 상암산로 48-6 (상암동  디엠씨씨 1층 일부),서울특별시 마포구 상암동 1651 ,커피숍,
휴게음식점,카페펜타곤바이1330,서울특별시 마포구 포은로 27 (합정동  2층),서울특별시 마포구 합정동 395-1 ,커피숍,
휴게음식점,카페플레이버,서울특별시 마포구 월드컵북로 375 (상암동),서울특별시 마포구 상암동 1654 ,커피숍,
휴게음식점,카페피포에스(cafe P4S),서울특별시 마포구 동교로 262-8 (연남동  1층),서울특별시 마포구 연남동 387-14 1층 ,커피숍,
휴게음식점,카페효(hyo),서울특별시 마포구 마포대로14길 13  1층 (공덕동),서울특별시 마포구 공덕동 105-68 ,커피숍,
휴게음식점,커넥츠커피,서울특별시 마포구 성지길 60  1층일부 (합정동),서울특별시 마포구 합정동 376-19 ,커피숍,
휴게음식점,커스텀커피 합정점,서울특별시 마포구 월드컵로8길 40  1층 (서교동),서울특별시 마포구 서교동 381-9 ,커피숍,
휴게음식점,커스텀커피(KUSTOM COFFEE) 상암점,서울특별시 마포구 월드컵북로54길 17  사보이시티디엠씨 1층 120호 (상암동),서울특별시 마포구 상암동 1597 사보이시티디엠씨 ,커피숍,
휴게음식점,커피 베르비에,서울특별시 마포구 성암로 267 (주)문화방송 지하1층 115호 (상암동),서울특별시 마포구 상암동 1603 (주)문화방송 ,커피숍,
휴게음식점,커피101,서울특별시 마포구 와우산로29마길 6 (서교동  1층 일부),서울특별시 마포구 서교동 332-5 ,커피숍,
휴게음식점,커피가게동경,서울특별시 마포구 망원로6길 21  지1층 (망원동),서울특별시 마포구 망원동 410-1 지1층 ,커피숍,
휴게음식점,커피구름,서울특별시 마포구 연남로3길 73-6  지상1층 (연남동),서울특별시 마포구 연남동 564-13 ,커피숍,
휴게음식점,커피그리고,서울특별시 마포구 성암로 219-1 (상암동  1층일부),서울특별시 마포구 상암동 2-35 1층일부 ,커피숍,
휴게음식점,커피기업,서울특별시 마포구 월드컵로3길 14  지하1층 147  148호 (합정동  마포 한강 2차 푸르지오),서울특별시 마포구 합정동 473 마포 한강 2차 푸르지오 ,커피숍,
휴게음식점,커피기업 상암사보이점,서울특별시 마포구 월드컵북로54길 17  사보이시티디엠씨 1층 104호 일부호 (상암동),서울특별시 마포구 상암동 1597 사보이시티디엠씨 ,커피숍,
휴게음식점,커피나눔,서울특별시 마포구 임정로 53 (신공덕동 1층),서울특별시 마포구 신공덕동 2-130 1층 ,커피숍,
휴게음식점,커피농부와 정원,서울특별시 마포구 월드컵로42길 14  102호 (상암동),서울특별시 마포구 상암동 1674 상암월드컵8단지 상가 102호,커피숍,
휴게음식점,커피다,서울특별시 마포구 월드컵북로 361  1층 110호 (상암동  DMC이안상암2단지),서울특별시 마포구 상암동 1653 ,커피숍,
휴게음식점,커피덕,서울특별시 마포구 월드컵북로2길 37  1층 (동교동),서울특별시 마포구 동교동 158-6 ,커피숍,
휴게음식점,커피데이즈 합정역점,서울특별시 마포구 양화로 지하 45  합정역 지하1층 622-101호 (합정동),서울특별시 마포구 합정동 414 합정역 ,커피숍,
휴게음식점,커피두,서울특별시 마포구 마포대로 214  샵 102호 (아현동),서울특별시 마포구 아현동 604-2 샵 ,커피숍,
휴게음식점,커피드니로(coffee deniro),서울특별시 마포구 효창원로 251  1층 (공덕동),서울특별시 마포구 공덕동 7-27 ,커피숍,
휴게음식점,커피디엔에이합정,서울특별시 마포구 월드컵로5길 33-23 (합정동  1 2층),서울특별시 마포구 합정동 386-11 ,커피숍,
휴게음식점,커피디지(coffeedz),서울특별시 마포구 양화로 45  몰동 지1층 B178 B179호 (서교동  메세나폴리스),서울특별시 마포구 서교동 490 메세나폴리스 ,커피숍,
휴게음식점,커피랩,서울특별시 마포구 홍익로 15  5호 (서교동 1층),서울특별시 마포구 서교동 358-104 1층 5호,커피숍,
휴게음식점,커피랩세아점,서울특별시 마포구 양화로 45 (서교동  메세나폴리스 5층 501호 일부),서울특별시 마포구 서교동 490 ,커피숍,
휴게음식점,커피로플,서울특별시 마포구 월드컵북로48길 39  1층 (상암동),서울특별시 마포구 상암동 14-1 ,커피숍,
휴게음식점,커피마마,서울특별시 마포구 포은로 95 (망원동  1층 일부),서울특별시 마포구 망원동 404-25 ,커피숍,
휴게음식점,커피마마퀸 공덕역점,서울특별시 마포구 도화길 43  나눔빌딩 1층 109호 (도화동),서울특별시 마포구 도화동 571 나눔빌딩 ,커피숍,
휴게음식점,커피볶는 라지엘,서울특별시 마포구 홍익로2길 43  2층 (서교동),서울특별시 마포구 서교동 346-21 ,커피숍,
휴게음식점,커피볶는집 시다모,서울특별시 마포구 토정로 222  한국출판콘텐츠센터 1층 103호 (신수동),서울특별시 마포구 신수동 448-6 한국출판콘텐츠센터 ,커피숍,
휴게음식점,커피빈 상암SBS프리즘타워점,서울특별시 마포구 상암산로 82  SBS 프리즘 타워 1층 (상암동),서울특별시 마포구 상암동 1607-1 SBS 프리즘 타워 ,커피숍,
휴게음식점,커피빈코리아 홍대역점,서울특별시 마포구 홍익로6길 26  2~4층 (동교동),서울특별시 마포구 동교동 163-12 ,커피숍,
휴게음식점,커피사피엔스 망원역점,서울특별시 마포구 월드컵로 61  1층 101호 (망원동),서울특별시 마포구 망원동 386-3 ,커피숍,
휴게음식점,커피에 반하다,서울특별시 마포구 만리재로 15  제일빌딩 지상1층 120호 (공덕동),서울특별시 마포구 공덕동 256-13 제일빌딩 ,커피숍,
휴게음식점,커피에반하다 구수사거리점,서울특별시 마포구 토정로 187  1층 (창전동),서울특별시 마포구 창전동 150-33 ,커피숍,
휴게음식점,커피온리 마포역점,서울특별시 마포구 삼개로 5 (도화동  1층일부),서울특별시 마포구 도화동 201-20 ,커피숍,
휴게음식점,커피온리 상암점,서울특별시 마포구 월드컵북로 396 (상암동  누리꿈스퀘어 1층 R118호),서울특별시 마포구 상암동 1605 누리꿈스퀘어 1층 118호,커피숍,
휴게음식점,커피온리 합정역점,서울특별시 마포구 양화로 67 (서교동  1층),서울특별시 마포구 서교동 392-4 ,커피숍,
휴게음식점,커피와사람들,서울특별시 마포구 홍익로6길 74 (동교동 1  2층),서울특별시 마포구 동교동 168-3 1  2층 ,커피숍,
휴게음식점,커피정,서울특별시 마포구 월드컵북로5길 65  1층 103호 (서교동),서울특별시 마포구 서교동 459-2 ,커피숍,
휴게음식점,커피쥬,서울특별시 마포구 백범로 199  103A호 (신공덕동 대우메트로디오빌 1층),서울특별시 마포구 신공덕동 167 대우메트로디오빌 1층 103A호,커피숍,
휴게음식점,커피코트 공덕롯데캐슬,서울특별시 마포구 숭문4길 21  1층 101호 (염리동  드림캐슬),서울특별시 마포구 염리동 108 드림캐슬 ,커피숍,
휴게음식점,커피코트 상암 누리꿈점,서울특별시 마포구 월드컵북로 396 (상암동  누리꿈스퀘어 제1층 제알114호),서울특별시 마포구 상암동 1605 ,커피숍,
휴게음식점,커피코트 상암이안점,서울특별시 마포구 월드컵북로 361  DMC이안오피스텔 2단지 1층 111호 (상암동),서울특별시 마포구 상암동 1653 DMC이안오피스텔 ,커피숍,
휴게음식점,커피팜(COFFEE FARM),서울특별시 마포구 마포대로 115-12  상가동 1층 101호 (공덕동  공덕삼성아파트),서울특별시 마포구 공덕동 371 공덕삼성아파트 상가동 101호,커피숍,
휴게음식점,커피폴리,서울특별시 마포구 양화로11길 14  1층 (서교동),서울특별시 마포구 서교동 378-19 1층 ,커피숍,
휴게음식점,컴포넌트 커피,서울특별시 마포구 동교로 253  3층 일부호 (연남동),서울특별시 마포구 연남동 229-64 ,커피숍,
휴게음식점,컴포즈커피 디지털미디어시티역점,서울특별시 마포구 성암로 지하 184  공항철도 디지털미디어시티역 지하1층 (상암동),서울특별시 마포구 상암동 1140 공항철도 디지털미디어시티역 ,커피숍,
휴게음식점,컴포즈커피 마포신수점,서울특별시 마포구 백범로 67  한경빌딩 1층 (신수동),서울특별시 마포구 신수동 32-2 한경빌딩 ,커피숍,
휴게음식점,컴포즈커피 마포염리초점,서울특별시 마포구 토정로37길 41  하나프라자 1층 101호 (염리동),서울특별시 마포구 염리동 173-29 하나프라자 ,커피숍,
휴게음식점,컴포즈커피 마포프레스티지자이점,서울특별시 마포구 대흥로24길 24  마포프레스티지자이 A동 B3층 107호 (염리동),서울특별시 마포구 염리동 14-149 ,커피숍,
휴게음식점,컴포즈커피 서강대점,서울특별시 마포구 백범로 13  102호 (노고산동  신촌르메이에르타운(Ⅱ)),서울특별시 마포구 노고산동 31-90 신촌르메이에르타운(Ⅱ) 102호,커피숍,
휴게음식점,컴포즈커피 합정점,서울특별시 마포구 양화로6길 14 (합정동  1층일부),서울특별시 마포구 합정동 414-16 1층일부 ,커피숍,
휴게음식점,컴포즈커피 홍대삼거리점,서울특별시 마포구 와우산로 73  1층 103호 (서교동),서울특별시 마포구 서교동 363-1 ,커피숍,
휴게음식점,컴포즈커피(상암점),서울특별시 마포구 월드컵북로 402  1층 139호 (상암동),서울특별시 마포구 상암동 1601 1층 139호,커피숍,
휴게음식점,컴포즈커피(홍대 동교동점),서울특별시 마포구 월드컵북로 12  1 2 3층 (동교동),서울특별시 마포구 동교동 206-14 ,커피숍,
휴게음식점,컴포즈커피(홍대연남점),서울특별시 마포구 동교로27길 47  제이드빌(Jade) 1층 (연남동),서울특별시 마포구 연남동 568-21 제이드빌(Jade) ,커피숍,
휴게음식점,컵앤컵,서울특별시 마포구 월드컵북로 396 (상암동 누리꿈스퀘어 지하1층 1106호),서울특별시 마포구 상암동 1605 누리꿈스퀘어 지하1층 1106호 ,커피숍,
휴게음식점,케익다방 연남점,서울특별시 마포구 동교로51안길 13  지1층 (연남동),서울특별시 마포구 연남동 223-104 ,커피숍,
휴게음식점,코지포지(cozy pozy),서울특별시 마포구 성미산로 52  1층 (성산동),서울특별시 마포구 성산동 242-5 ,커피숍,
휴게음식점,코칭,서울특별시 마포구 어울마당로 118  6층 (서교동),서울특별시 마포구 서교동 345-2 ,커피숍,
휴게음식점,코코 카페,서울특별시 마포구 홍익로3길 20  서교프라자 B2-14호 (서교동),서울특별시 마포구 서교동 357-1 서교오피스텔 ,커피숍,
휴게음식점,코코부코(COCOBUKO),서울특별시 마포구 희우정로 72 (망원동  1층일부),서울특별시 마포구 망원동 396-29 1층일부 ,커피숍,
휴게음식점,코테슬로(Cottesloe),서울특별시 마포구 월드컵북로42다길 32  2층 (상암동),서울특별시 마포구 상암동 2-141 ,커피숍,
휴게음식점,코티지가든,서울특별시 마포구 숭문16길 23  1층 2호 (염리동),서울특별시 마포구 염리동 9-88 ,커피숍,
휴게음식점,콜바이(Call by),서울특별시 마포구 독막로2길 18  1층 일부호 (합정동),서울특별시 마포구 합정동 372-4 ,커피숍,
휴게음식점,쿠켓마켓 신촌점,서울특별시 마포구 서강로 75-16  지1층 B01  B02호 일부호 (창전동  이랜드 PEER 신촌),서울특별시 마포구 창전동 450 이랜드 PEER 신촌 ,커피숍,
휴게음식점,쿠키바이브(Cookievibe),서울특별시 마포구 월드컵로25길 26  101동 1층 1-029호 (망원동  마포영화블렌하임),서울특별시 마포구 망원동 517 마포영화블렌하임 ,커피숍,
휴게음식점,크라클랭(Craquelin),서울특별시 마포구 서강로 122  1층 (노고산동),서울특별시 마포구 노고산동 109-4 ,커피숍,
휴게음식점,크레말레,서울특별시 마포구 독막로22길 9 (창전동  1층 일부),서울특별시 마포구 창전동 333 ,커피숍,
휴게음식점,크레이지 패치(CRAZY PATCH),서울특별시 마포구 월드컵북로 396 (상암동  누리꿈스퀘어 지1층1043호),서울특별시 마포구 상암동 1605 누리꿈스퀘어 지1층1043호 ,커피숍,
휴게음식점,크로문 광흥창역점,서울특별시 마포구 서강로 46 (창전동),서울특별시 마포구 창전동 238 ,커피숍,
휴게음식점,크리미무드,서울특별시 마포구 신촌로2안길 40  위저드 빌 I B01호 (동교동),서울특별시 마포구 동교동 177-6 위저드 빌 I ,커피숍,
휴게음식점,크리스가든 홍대,서울특별시 마포구 독막로7길 53  GENT HOUSE 3층 (서교동),서울특별시 마포구 서교동 395-21 GENT HOUSE ,커피숍,
휴게음식점,큰곰자리,서울특별시 마포구 성미산로11길 9  1층 (성산동),서울특별시 마포구 성산동 209-2 1층 ,커피숍,
휴게음식점,키노겐(Kino gehen),서울특별시 마포구 마포대로4다길 17  1층 (마포동),서울특별시 마포구 마포동 349-15 ,커피숍,
휴게음식점,키지아 샌드위치카페,서울특별시 마포구 성미산로7길 3  1층 (성산동),서울특별시 마포구 성산동 244-5 ,커피숍,
휴게음식점,키커랜드,서울특별시 마포구 양화로6길 57-6 (서교동  1층),서울특별시 마포구 서교동 399-7 ,커피숍,
휴게음식점,키키,서울특별시 마포구 만리재로10안길 24  지하층 102호 (공덕동),서울특별시 마포구 공덕동 12-59 ,커피숍,
휴게음식점,타래커피 연남점,서울특별시 마포구 동교로27길 50  1층 101호 (연남동),서울특별시 마포구 연남동 567-1 ,커피숍,
휴게음식점,타르타르,서울특별시 마포구 와우산로29길 21  1층 (서교동),서울특별시 마포구 서교동 336-1 1층 ,커피숍,
휴게음식점,타셋커피로스터스,서울특별시 마포구 월드컵북로 396  누리꿈스퀘어 지1층 b1108호 (상암동),서울특별시 마포구 상암동 1605 누리꿈스퀘어 ,커피숍,
휴게음식점,탐앤탐망원점,서울특별시 마포구 월드컵로 79  2층 (망원동  유용빌딩),서울특별시 마포구 망원동 377-3 유용빌딩 2층 ,커피숍,
휴게음식점,탐앤탐스마포도화점,서울특별시 마포구 삼개로 15 (도화동  1층),서울특별시 마포구 도화동 202-1 ,커피숍,
휴게음식점,텀브커피,서울특별시 마포구 동교로 195 (동교동),서울특별시 마포구 동교동 200-28 ,커피숍,
휴게음식점,텀브커피,서울특별시 마포구 양화로6길 84 (합정동  1층 일부),서울특별시 마포구 합정동 410-11 1층 일부 ,커피숍,
휴게음식점,테이블램프,서울특별시 마포구 와우산로13길 6  홍대가자II 3층 301호 (서교동),서울특별시 마포구 서교동 411-3 홍대가자II ,커피숍,
휴게음식점,테이블스푼 상암DMC점,서울특별시 마포구 월드컵북로 396  누리꿈스퀘어 지1층 B1023호 동측호 (상암동),서울특별시 마포구 상암동 1605 누리꿈스퀘어 ,커피숍,
휴게음식점,테이블에이커피,서울특별시 마포구 와우산로 149  103호 (서교동),서울특별시 마포구 서교동 327-15 ,커피숍,
휴게음식점,테일러커피,서울특별시 마포구 와우산로33길 46 (서교동  지하1층),서울특별시 마포구 서교동 329-15 ,커피숍,
휴게음식점,테일러커피,서울특별시 마포구 와우산로27길 7 (서교동  2층 일부),서울특별시 마포구 서교동 338-1 2층 일부 ,커피숍,
휴게음식점,테일러커피,서울특별시 마포구 성미산로 189 (연남동),서울특별시 마포구 연남동 224-41 1층 ,커피숍,
휴게음식점,테일숍(TALE SHOP),서울특별시 마포구 와우산로 116  창전빌딩 지1층 B02호 (창전동),서울특별시 마포구 창전동 6-177 창전빌딩 ,커피숍,
휴게음식점,테크아웃,서울특별시 마포구 월드컵북로2길 19 (동교동 1층),서울특별시 마포구 동교동 161-10 1층 ,커피숍,
휴게음식점,텐더리커피엔디저트(Tenderly coffee&dessert),서울특별시 마포구 성미산로29길 35  2층 202호 (연남동),서울특별시 마포구 연남동 245-41 ,커피숍,
휴게음식점,텐퍼센트커피 공덕점,서울특별시 마포구 백범로31길 7  1동 B110호 (공덕동  공덕SK리더스뷰),서울특별시 마포구 공덕동 385-65 공덕SK리더스뷰 ,커피숍,
휴게음식점,텐퍼센트커피 사보이시티점,서울특별시 마포구 월드컵북로54길 17  사보이시티디엠씨 1층 103호 (상암동),서울특별시 마포구 상암동 1597 사보이시티디엠씨 ,커피숍,
휴게음식점,텐퍼센트커피상암DMC점,서울특별시 마포구 월드컵북로 396  누리꿈스퀘어 제1층 116호 (상암동),서울특별시 마포구 상암동 1605 누리꿈스퀘어 ,커피숍,
휴게음식점,토끼와거북이,서울특별시 마포구 서강대길 12  2층 (신수동  일부),서울특별시 마포구 신수동 27-2 ,커피숍,
휴게음식점,토이토이토이&토마스커피랩,서울특별시 마포구 신촌로4길 5  정원빌딩 2층 (동교동),서울특별시 마포구 동교동 179-40 정원빌딩 ,커피숍,
휴게음식점,토프레소 신마포 상수점,서울특별시 마포구 토정로 136  1층 (상수동  일부),서울특별시 마포구 상수동 271 ,커피숍,
휴게음식점,토프레소공덕르네상스점,서울특별시 마포구 만리재로 14 (공덕동  르네상스타워 지하1층 4호),서울특별시 마포구 공덕동 456 ,커피숍,
휴게음식점,통주스,서울특별시 마포구 월드컵로13길 70 (망원동  1층),서울특별시 마포구 망원동 403-21 1층 ,커피숍,
휴게음식점,투고커피(Togo coffee),서울특별시 마포구 독막로 21  1층 중앙 (합정동),서울특별시 마포구 합정동 413-8 ,커피숍,
휴게음식점,투썸플레이스,서울특별시 마포구 백범로 35 (신수동 경영교육원(바오로경영관)),서울특별시 마포구 신수동 1-1 경영교육원(바오로경영관) ,커피숍,
휴게음식점,투썸플레이스,서울특별시 마포구 월드컵로 62  1층 (서교동),서울특별시 마포구 서교동 476-21 1층 ,커피숍,
휴게음식점,투썸플레이스,서울특별시 마포구 월드컵북로2길 57  1층 (동교동),서울특별시 마포구 동교동 158-1 1층 ,커피숍,
휴게음식점,투썸플레이스 대흥역점,서울특별시 마포구 백범로 116  동무마포타워 1층 (염리동),서울특별시 마포구 염리동 180-11 동무마포타워 ,커피숍,
휴게음식점,투썸플레이스 마포구청점,서울특별시 마포구 월드컵로36길 14 (성산동  104 105 106 107호),서울특별시 마포구 성산동 590-1 104 105 106 107호 ,커피숍,
휴게음식점,투썸플레이스 마포노고산점,서울특별시 마포구 신촌로 128  1층 일부호 (노고산동),서울특별시 마포구 노고산동 40-1 ,커피숍,
휴게음식점,투썸플레이스 마포대로점,서울특별시 마포구 마포대로 67  1층 (도화동),서울특별시 마포구 도화동 573 ,커피숍,
휴게음식점,투썸플레이스 마포망원점,서울특별시 마포구 월드컵로 155  가은빌딩 1층 1호 (망원동),서울특별시 마포구 망원동 474-3 가은빌딩 ,커피숍,
휴게음식점,투썸플레이스 마포역점,서울특별시 마포구 마포대로 44  지상2층 1-1호 (도화동),서울특별시 마포구 도화동 37 진도빌딩 ,커피숍,
휴게음식점,투썸플레이스 상암E&M점,서울특별시 마포구 상암산로 66 (상암동  CJ E&M센터 1층),서울특별시 마포구 상암동 1606 ,커피숍,
휴게음식점,투티거스 호랑이다과점(Two Teagers),서울특별시 마포구 월드컵로3길 31-30  2층 (합정동),서울특별시 마포구 합정동 388-15 ,커피숍,
휴게음식점,트레이프조이드(TRAPEZOID),서울특별시 마포구 동교로 137  1층 (서교동),서울특별시 마포구 서교동 461-16 ,커피숍,
휴게음식점,트루로맨스,서울특별시 마포구 와우산로29다길 14 (서교동  1층일부),서울특별시 마포구 서교동 334-8 ,커피숍,
휴게음식점,티라운지테이크엔고(TEA LOUNGE TAKE N GO),서울특별시 마포구 매봉산로 45 (상암동  KBS미디어센터 1층일부),서울특별시 마포구 상암동 1652 KBS미디어센터 1층일부 ,커피숍,
휴게음식점,티앤티 웰컴 센터,서울특별시 마포구 토정로31길 67  창희빌딩 1층 (대흥동),서울특별시 마포구 대흥동 500-10 창희빌딩 ,커피숍,
휴게음식점,티에이트(T8),서울특별시 마포구 잔다리로 58  1층 (서교동),서울특별시 마포구 서교동 374-11 ,커피숍,
휴게음식점,티하철,서울특별시 마포구 동교로46길 42-5  신박사빌딩 2층 202호 (연남동),서울특별시 마포구 연남동 383-82 신박사빌딩 ,커피숍,
휴게음식점,파리 구르멍,서울특별시 마포구 연남로3길 10  1층 101호 (연남동  미스바),서울특별시 마포구 연남동 515-12 미스바 ,커피숍,
휴게음식점,파머스빈,서울특별시 마포구 월드컵북로56길 19  드림타워 1층 101-2(B)호 (상암동),서울특별시 마포구 상암동 1595-1 드림타워 ,커피숍,
휴게음식점,파보리튼,서울특별시 마포구 신촌로12다길 10  1층 (노고산동),서울특별시 마포구 노고산동 56-41 ,커피숍,
휴게음식점,파스쿠찌 메세나폴리스점,서울특별시 마포구 양화로 45 (서교동  2층 236호),서울특별시 마포구 서교동 490 ,커피숍,
휴게음식점,파스텔 본점,서울특별시 마포구 독막로2길 38 (합정동  1층 일부),서울특별시 마포구 합정동 371-18 ,커피숍,
휴게음식점,파운더리(Poundary),서울특별시 마포구 대흥로21길 6  1층 (대흥동),서울특별시 마포구 대흥동 18-13 ,커피숍,
휴게음식점,파운더커피,서울특별시 마포구 큰우물로 76  고려빌딩 1층 2-1호 (도화동),서울특별시 마포구 도화동 544 고려빌딩 ,커피숍,
휴게음식점,파티셔리 마루,서울특별시 마포구 양화로15안길 3 (서교동  1층일부),서울특별시 마포구 서교동 375-4 ,커피숍,
휴게음식점,팜스365,서울특별시 마포구 월드컵로 240  홈플러스 월드컵점 2층 x9.5 yuw호 (성산동),서울특별시 마포구 성산동 515 월드컵주경기장 ,커피숍,
휴게음식점,팜플레무스,서울특별시 마포구 연희로1길 11  1층 (동교동),서울특별시 마포구 동교동 113-95 ,커피숍,
휴게음식점,팝바,서울특별시 마포구 와우산로23길 38 (서교동  1층 좌측),서울특별시 마포구 서교동 346-52 1층 좌측 ,커피숍,
휴게음식점,퍼스트커피랩 카페창업센터점,서울특별시 마포구 와우산로 179  1층 우측 (동교동),서울특별시 마포구 동교동 183-2 ,커피숍,
휴게음식점,펀,서울특별시 마포구 와우산로21길 36-8  레디안트 4층 (서교동),서울특별시 마포구 서교동 358-50 레디안트 ,커피숍,
휴게음식점,페그 로스터스(FFEEGG ROASTERS),서울특별시 마포구 동교로 135  1층 (서교동),서울특별시 마포구 서교동 461-11 ,커피숍,
휴게음식점,페블스,서울특별시 마포구 연남로3길 23  L&K 지1층 2호 (연남동),서울특별시 마포구 연남동 566-19 L&K ,커피숍,
휴게음식점,페이보릿연남,서울특별시 마포구 동교로38길 27-14  2층 (연남동),서울특별시 마포구 연남동 383-44 ,커피숍,
휴게음식점,페이브커피 망원시장점,서울특별시 마포구 망원로8길 10  1층 3호 (망원동),서울특별시 마포구 망원동 414-46 ,커피숍,
휴게음식점,펠리츠커피,서울특별시 마포구 독막로 311  재화스퀘어 지하1층 B106호 (염리동),서울특별시 마포구 염리동 168-9 재화스퀘어 ,커피숍,
휴게음식점,펫고리,서울특별시 마포구 성미산로29길 30-3 (연남동  지층전부),서울특별시 마포구 연남동 241-45 지층전부 ,커피숍,
휴게음식점,포담 티하우스,서울특별시 마포구 어울마당로 52-1  2층 (서교동),서울특별시 마포구 서교동 408-12 ,커피숍,
휴게음식점,포레스트,서울특별시 마포구 양화로12길 26  1층 103호 (서교동),서울특별시 마포구 서교동 395-7 ,커피숍,
휴게음식점,포토그룹W카페,서울특별시 마포구 동교로25길 16  1층 (동교동),서울특별시 마포구 동교동 200-18 1층 ,커피숍,
휴게음식점,포톡,서울특별시 마포구 양화로 176  동교동 스타피카소 8층 일부호 (동교동),서울특별시 마포구 동교동 166-14 동교동 스타피카소 ,커피숍,
휴게음식점,포트캔커피 롯데시티호텔점,서울특별시 마포구 마포대로 109  1층 (공덕동  롯데캐슬프레지던트),서울특별시 마포구 공덕동 467 롯데시티호텔 마포 ,커피숍,
휴게음식점,포트캔커피 만리재점,서울특별시 마포구 마포대로24길 51  정원헵시바 지하2층 (아현동),서울특별시 마포구 아현동 395-1 정원헵시바 ,커피숍,
휴게음식점,폴바셋AK플라자홍대점,서울특별시 마포구 양화로 188  애경타워 1층 (동교동),서울특별시 마포구 동교동 190-1 애경타워 ,커피숍,
휴게음식점,폴인팬케이크 홍대점,서울특별시 마포구 와우산로29가길 86  2층 (서교동  파티오),서울특별시 마포구 서교동 342-11 파티오 2층 ,커피숍,
휴게음식점,폴프랭크 카페 신촌점,서울특별시 마포구 신촌로 82  103호 (노고산동),서울특별시 마포구 노고산동 49-46 ,커피숍,
휴게음식점,푸당,서울특별시 마포구 망원로4길 3  2층 (망원동),서울특별시 마포구 망원동 416-14 ,커피숍,
휴게음식점,푸디스트(주) 삼성에스디에스상암점,서울특별시 마포구 월드컵북로60길 24  삼성SDS 상암IT센터 1층 일부호 (상암동),서울특별시 마포구 상암동 1586 삼성SDS 상암IT센터 ,커피숍,
휴게음식점,푸푸커피 홍대점,서울특별시 마포구 와우산로30길 3  1층 104호 (창전동),서울특별시 마포구 창전동 5-74 ,커피숍,
휴게음식점,퓸즈,서울특별시 마포구 백범로17길 1  2층 (대흥동),서울특별시 마포구 대흥동 197-1 ,커피숍,
휴게음식점,프레드앤샐리,서울특별시 마포구 월드컵북로5나길 18 (서교동  대우미래사랑 130호일부),서울특별시 마포구 서교동 487 ,커피숍,
휴게음식점,프레이밍(Framing),서울특별시 마포구 독막로19길 12  1층 (상수동),서울특별시 마포구 상수동 94-12 ,커피숍,
휴게음식점,프롬커피바 동교점,서울특별시 마포구 연희로1길 9  1층 101호 (동교동),서울특별시 마포구 동교동 147-30 ,커피숍,
휴게음식점,프롬커피바 위드 신정영케이터링,서울특별시 마포구 월드컵북로 361 (상암동  DMC이안상암2단지 1층 115호),서울특별시 마포구 상암동 1653 ,커피숍,
휴게음식점,프리커스,서울특별시 마포구 성미산로 88-15  1층 (성산동),서울특별시 마포구 성산동 629-1 ,커피숍,
휴게음식점,플러피,서울특별시 마포구 와우산로13길 49-13  1층 좌측 (상수동),서울특별시 마포구 상수동 314-7 ,커피숍,
휴게음식점,플렘므,서울특별시 마포구 성미산로29길 3  1층 (연남동),서울특별시 마포구 연남동 250-4 ,커피숍,
휴게음식점,플로우(flow),서울특별시 마포구 연남로3길 40  1층 103호 (연남동),서울특별시 마포구 연남동 562-37 ,커피숍,
휴게음식점,플리즈커피(성산점),서울특별시 마포구 월드컵북로 230  현대상가1층3호일부 (중동),서울특별시 마포구 중동 64-25 현대상가1층3호일부 ,커피숍,
휴게음식점,피스피스 연남,서울특별시 마포구 동교로51길 91  2층 (연남동),서울특별시 마포구 연남동 241-60 ,커피숍,
휴게음식점,피에스타7커피 망리단길점,서울특별시 마포구 포은로 69  1층 (망원동),서울특별시 마포구 망원동 395-19 ,커피숍,
휴게음식점,피에이씨그라운드(PAC GROUND),서울특별시 마포구 백범로16길 12  1층 (대흥동),서울특별시 마포구 대흥동 257-5 1층 ,커피숍,
휴게음식점,피포커피,서울특별시 마포구 연남로1길 39  1층 (연남동),서울특별시 마포구 연남동 568-19 ,커피숍,
휴게음식점,피프 에스프레소 바,서울특별시 마포구 성미산로29길 5  1층 (연남동),서울특별시 마포구 연남동 250-3 ,커피숍,
휴게음식점,피피커피,서울특별시 마포구 동교로 23 (망원동  1층일부),서울특별시 마포구 망원동 394-75 1층일부 ,커피숍,
휴게음식점,피피커피두번째이야기,서울특별시 마포구 월드컵로 40 (서교동 1층 104호),서울특별시 마포구 서교동 444-9 1층 104호 ,커피숍,
휴게음식점,필로앤소피아(philo&sophia),서울특별시 마포구 동교로45길 15  1층 B101호 (연남동  JASON COUNTY),서울특별시 마포구 연남동 229-72 JASON COUNTY ,커피숍,
휴게음식점,필로커피,서울특별시 마포구 마포대로12길 36  소담빌딩 1층 (공덕동),서울특별시 마포구 공덕동 242-71 소담빌딩 ,커피숍,
휴게음식점,핑크풀카페,서울특별시 마포구 와우산로29다길 23 (서교동  스타일난다빌딩4층),서울특별시 마포구 서교동 335-21 ,커피숍,
휴게음식점,하나길,서울특별시 마포구 포은로 129 (망원동  1층일부),서울특별시 마포구 망원동 426-15 1층일부 ,커피숍,
휴게음식점,하늘에커피,서울특별시 마포구 독막로32길 6  1층 (신수동),서울특별시 마포구 신수동 54 ,커피숍,
휴게음식점,하므케이크,서울특별시 마포구 동교로27길 21-8  경윤빌딩 3층 (동교동),서울특별시 마포구 동교동 204-55 경윤빌딩 ,커피숍,
휴게음식점,하유,서울특별시 마포구 동교로51길 13  1층 (연남동),서울특별시 마포구 연남동 225-1 ,커피숍,
휴게음식점,하이럽,서울특별시 마포구 독막로7길 42  가물빌딩 2층 (서교동),서울특별시 마포구 서교동 404-19 가물빌딩 ,커피숍,
휴게음식점,하이오커피 마포구청점,서울특별시 마포구 모래내로1길 4  마포상암시티프라디움리버 1층 103 104호 (성산동),서울특별시 마포구 성산동 593-7 마포상암시티프라디움리버 ,커피숍,
휴게음식점,하임스(HAIMS),서울특별시 마포구 월드컵로1길 14  1층 (합정동  마포한강푸르지오P101호일부),서울특별시 마포구 합정동 472 마포한강푸르지오1층P101호일부 ,커피숍,
휴게음식점,하프베이글,서울특별시 마포구 성미산로17길 115  1층 101호 (연남동),서울특별시 마포구 연남동 487-21 ,커피숍,
휴게음식점,할리스 동교점,서울특별시 마포구 신촌로 48 (동교동 1층),서울특별시 마포구 동교동 183-1 1층 ,커피숍,
휴게음식점,할리스 동교점II,서울특별시 마포구 신촌로 48 (동교동 2층),서울특별시 마포구 동교동 183-1 2층 ,커피숍,
휴게음식점,할리스 합정역점,서울특별시 마포구 양화로 36 (합정동  1층 일부  2층 일부  3층 일부),서울특별시 마포구 합정동 374-1 ,커피숍,
휴게음식점,할리스 홍대입구역점,서울특별시 마포구 양화로 151  지1~1층 (동교동),서울특별시 마포구 동교동 160-1 지1~1 ,커피숍,
휴게음식점,할리스커피 누리꿈몰점,서울특별시 마포구 월드컵북로 396 (상암동 누리꿈스퀘어 지1층  B1030),서울특별시 마포구 상암동 1605 누리꿈스퀘어 지1층  B1030 ,커피숍,
휴게음식점,할리스커피광흥창역점,서울특별시 마포구 창전로 90 (신수동  좋은빌딩 2층),서울특별시 마포구 신수동 99-1 ,커피숍,
휴게음식점,해피어(HAPPIER),서울특별시 마포구 성미산로29안길 6-3  지층 (연남동),서울특별시 마포구 연남동 240-33 ,커피숍,
휴게음식점,행복마루,서울특별시 마포구 매봉산로 75  12층 (상암동  디디엠씨 1201호일부),서울특별시 마포구 상암동 1610 디디엠씨  12층 1201호일부 ,커피숍,
휴게음식점,행복식탁,서울특별시 마포구 와우산로29길 56-10  B01호 (서교동),서울특별시 마포구 서교동 330-54 ,커피숍,
휴게음식점,행복커피,서울특별시 마포구 월드컵북로54길 25  상암DMC푸르지오시티  S-City 2층 217호 (상암동),서울특별시 마포구 상암동 1596 상암DMC푸르지오시티  S-City ,커피숍,
휴게음식점,행복한베이커리&카페 상암점,서울특별시 마포구 월드컵북로 494 (상암동  푸르메재단넥슨어린이재활병원1층),서울특별시 마포구 상암동 1738 푸르메재단넥슨어린이재활병원1층 ,커피숍,
휴게음식점,허니빙스&호두사랑,서울특별시 마포구 방울내로7길 18  101호  102호 (망원동  미래하임),서울특별시 마포구 망원동 435-44 미래하임 ,커피숍,
휴게음식점,허스 상암,서울특별시 마포구 월드컵북로42가길 12 (상암동  1층일부),서울특별시 마포구 상암동 2-209 외3필지 1층일부 ,커피숍,
휴게음식점,헤르츠 하우스(Hertz haus),서울특별시 마포구 큰우물로 75  105호 (도화동  성지빌딩),서울특별시 마포구 도화동 538 ,커피숍,
휴게음식점,헤브번(have bun),서울특별시 마포구 토정로 269  우강빌딩 1층 101호 (용강동),서울특별시 마포구 용강동 472-3 우강빌딩 ,커피숍,
휴게음식점,헤비커피드링커 마포구청점,서울특별시 마포구 월드컵로36길 18  삼라마이다스 1층 107호 (성산동),서울특별시 마포구 성산동 590-2 삼라마이다스 ,커피숍,
휴게음식점,헤이븐(HAVEN),서울특별시 마포구 양화로 30  1층 (합정동),서울특별시 마포구 합정동 381-23 ,커피숍,
휴게음식점,헤이트먼데이 서교점,서울특별시 마포구 양화로7안길 42  1층 (서교동),서울특별시 마포구 서교동 380-33 ,커피숍,
휴게음식점,헬로방방,서울특별시 마포구 마포대로 195  상가2동 지하3층 101호 (아현동  마포 래미안 푸르지오),서울특별시 마포구 아현동 774 마포 래미안 푸르지오  101호일부 ,커피숍,
휴게음식점,호시절,서울특별시 마포구 포은로 99 (망원동  1층),서울특별시 마포구 망원동 410-25 1층 ,커피숍,
휴게음식점,호핀치,서울특별시 마포구 광성로6안길 6  1층 (신수동),서울특별시 마포구 신수동 88-50 ,커피숍,
휴게음식점,홈다운(homedown),서울특별시 마포구 희우정로10안길 7  1층 101호 (망원동),서울특별시 마포구 망원동 394-46 ,커피숍,
휴게음식점,홉 커피,서울특별시 마포구 백범로16길 8-5  1층 101 102호 (대흥동),서울특별시 마포구 대흥동 253 ,커피숍,
휴게음식점,홍콩다방팩토리,서울특별시 마포구 월드컵북로 132 (성산동  1층일부),서울특별시 마포구 성산동 51-12 1층일부 ,커피숍,
휴게음식점,화이트컨테이너,서울특별시 마포구 성미산로 153-13  지1층 (연남동),서울특별시 마포구 연남동 240-34 ,커피숍,
휴게음식점,후엘고(huelgo),서울특별시 마포구 마포대로11길 118  1층일부 (염리동),서울특별시 마포구 염리동 128-7 ,커피숍,
휴게음식점,후엘고2,서울특별시 마포구 백범로17길 14  1층 103호 (염리동),서울특별시 마포구 염리동 178-10 ,커피숍,
휴게음식점,훈고링고브레드,서울특별시 마포구 잔다리로 130  2층 (서교동  일부),서울특별시 마포구 서교동 247-163 2층 일부(좌측) ,커피숍,
휴게음식점,흐림,서울특별시 마포구 연희로1길 51  3층 301호 (연남동),서울특별시 마포구 연남동 383-24 ,커피숍,
휴게음식점,희망분식,서울특별시 마포구 백범로17길 4-4  1층 (염리동),서울특별시 마포구 염리동 178-61 1층 ,커피숍,
휴게음식점,히브루11(he brews11),서울특별시 마포구 성미산로6길 21  1층 (서교동),서울특별시 마포구 서교동 247-209 ,커피숍,
휴게음식점,히브루스,서울특별시 마포구 서강로 144 (노고산동  10층일부),서울특별시 마포구 노고산동 107-1 ,커피숍,
휴게음식점,히즈커피(HIS COFFEE),서울특별시 마포구 월드컵로36길 42 (성산동  1층일부),서울특별시 마포구 성산동 171-6 1층일부 ,커피숍,
휴게음식점,히피리피,서울특별시 마포구 동교로51안길 11  지하1층 1층 2층 (연남동),서울특별시 마포구 연남동 223-95 ,커피숍,
