"A 동별(1)","13999001 항목",Q202504 2025 4/4,Q202504 2025 4/4,Q202504 2025 4/4,Q202504 2025 4/4,Q202504 2025 4/4,Q202504 2025 4/4,Q202504 2025 4/4,Q202504 2025 4/4,Q202504 2025 4/4,Q202504 2025 4/4,Q202504 2025 4/4,Q202504 2025 4/4,Q202504 2025 4/4,Q202504 2025 4/4,Q202504 2025 4/4,Q202504 2025 4/4,Q202504 2025 4/4,Q202504 2025 4/4,Q202504 2025 4/4,Q202504 2025 4/4,Q202504 2025 4/4,Q202504 2025 4/4,Q202601 2026 1/4,Q202601 2026 1/4,Q202601 2026 1/4,Q202601 2026 1/4,Q202601 2026 1/4,Q202601 2026 1/4,Q202601 2026 1/4,Q202601 2026 1/4,Q202601 2026 1/4,Q202601 2026 1/4,Q202601 2026 1/4,Q202601 2026 1/4,Q202601 2026 1/4,Q202601 2026 1/4,Q202601 2026 1/4,Q202601 2026 1/4,Q202601 2026 1/4,Q202601 2026 1/4,Q202601 2026 1/4,Q202601 2026 1/4,Q202601 2026 1/4,Q202601 2026 1/4
"A 동별(1)","13999001 항목",001 합계,002 0~4세,003 5~9세,004 10~14세,005 15~19세,006 20~24세,007 25~29세,008 30~34세,009 35~39세,010 40~44세,011 45~49세,012 50~54세,013 55~59세,014 60~64세,015 65~69세,016 70~74세,017 75~79세,018 80~84세,019 85~89세,020 90~94세,021 95~99세,022 100세 이상,001 합계,002 0~4세,003 5~9세,004 10~14세,005 15~19세,006 20~24세,007 25~29세,008 30~34세,009 35~39세,010 40~44세,011 45~49세,012 50~54세,013 55~59세,014 60~64세,015 65~69세,016 70~74세,017 75~79세,018 80~84세,019 85~89세,020 90~94세,021 95~99세,022 100세 이상
"001 합계","T001 계",9579177,206861,263682,351584,386226,548450,806484,838104,674769,702753,698579,763738,741134,684062,655487,478390,353170,240530,128121,45150,10445,1458,9579449,207537,257942,349849,384368,543735,801866,838261,677638,696130,700713,753746,746833,678466,663016,491378,356865,240684,131203,47034,10672,1513
"001 합계","T002 한국인",9299548,202627,258035,346816,371055,492144,762741,812000,650944,682655,681985,746357,721357,670730,648113,475221,352044,240084,127827,45015,10385,1413,9304400,204168,252564,344816,375716,488459,755826,811043,654446,675375,684176,737980,728002,663248,655526,487544,355508,240160,130908,46868,10608,1459
"001 합계","T003 등록외국인",279629,4234,5647,4768,15171,56306,43743,26104,23825,20098,16594,17381,19777,13332,7374,3169,1126,446,294,135,60,45,275049,3369,5378,5033,8652,55276,46040,27218,23192,20755,16537,15766,18831,15218,7490,3834,1357,524,295,166,64,54
"002 종로구","T001 계",148813,2412,3130,4410,5776,11569,14572,12419,9210,9811,9706,11500,12082,11258,10138,7188,5475,4316,2588,989,230,34,148288,2343,3072,4320,5562,11270,14664,12416,9328,9610,9731,11295,12228,11102,10294,7398,5481,4236,2645,1017,241,35
"002 종로구","T002 한국인",137048,2204,2886,4186,5007,7997,12209,11449,8420,9110,9135,11049,11706,11026,9975,7126,5437,4300,2580,983,229,34,136817,2192,2825,4089,5127,7985,12077,11363,8559,8884,9157,10829,11849,10836,10142,7323,5439,4219,2638,1010,239,35
"002 종로구","T003 등록외국인",11765,208,244,224,769,3572,2363,970,790,701,571,451,376,232,163,62,38,16,8,6,1,-,11471,151,247,231,435,3285,2587,1053,769,726,574,466,379,266,152,75,42,17,7,7,2,-
"003 중구","T001 계",128444,2691,2765,2984,3689,7661,11782,12832,10373,9301,8261,9218,9836,9428,9107,6614,5000,3738,2127,804,209,24,128128,2602,2678,2964,3552,7550,11631,12858,10383,9304,8308,9056,9902,9344,9207,6816,5018,3703,2185,830,213,24
"003 중구","T002 한국인",117805,2507,2470,2723,3081,5704,10012,11828,9394,8515,7583,8575,9223,9033,8876,6494,4947,3707,2108,796,207,22,117762,2463,2389,2685,3196,5725,9864,11772,9447,8471,7633,8433,9313,8874,8973,6680,4952,3674,2163,822,211,22
"003 중구","T003 등록외국인",10639,184,295,261,608,1957,1770,1004,979,786,678,643,613,395,231,120,53,31,19,8,2,2,10366,139,289,279,356,1825,1767,1086,936,833,675,623,589,470,234,136,66,29,22,8,2,2
"004 용산구","T001 계",214984,5125,5824,6677,7223,10834,17733,22282,17988,16804,15162,16821,16747,15294,13723,9440,6995,5297,3372,1293,295,55,213708,5077,5672,6725,7257,10535,17329,21920,18020,16694,15136,16515,16915,15093,13827,9636,7009,5257,3401,1329,303,58
"004 용산구","T002 한국인",201894,4684,5136,5987,6634,9907,16666,20823,16419,15265,13794,15851,15994,14821,13460,9301,6910,5260,3348,1291,292,51,200962,4741,5039,6023,6659,9695,16306,20577,16496,15166,13773,15540,16131,14593,13553,9478,6928,5209,3375,1326,301,53
"004 용산구","T003 등록외국인",13090,441,688,690,589,927,1067,1459,1569,1539,1368,970,753,473,263,139,85,37,24,2,3,4,12746,336,633,702,598,840,1023,1343,1524,1528,1363,975,784,500,274,158,81,48,26,3,2,5
"005 성동구","T001 계",282714,7900,7976,8293,9513,17322,24471,26546,23114,21461,18885,21453,21978,20358,18566,12729,9644,6999,3892,1300,281,33,283018,7971,7860,8178,9493,17132,24471,26506,23342,21382,18930,21200,22213,20096,18813,13071,9737,6980,3954,1368,286,35
"005 성동구","T002 한국인",274606,7789,7892,8219,8946,15065,22791,25755,22538,21041,18532,21115,21580,20111,18464,12663,9620,6991,3888,1297,280,29,275093,7886,7760,8104,9229,14996,22649,25623,22764,20945,18573,20884,21850,19822,18702,13001,9708,6966,3950,1365,285,31
"005 성동구","T003 등록외국인",8108,111,84,74,567,2257,1680,791,576,420,353,338,398,247,102,66,24,8,4,3,1,4,7925,85,100,74,264,2136,1822,883,578,437,357,316,363,274,111,70,29,14,4,3,1,4
"006 광진구","T001 계",349117,6139,7906,11029,13469,25420,38482,34774,24592,24036,23522,25977,26718,24270,22447,15542,11180,7649,4120,1472,328,45,348806,6132,7719,10991,12948,25554,38477,34861,24617,23827,23535,25515,26741,24134,22745,15967,11231,7651,4250,1548,317,46
"006 광진구","T002 한국인",331167,5875,7633,10750,12107,20105,34732,33313,23512,23199,22848,25304,25771,23701,22148,15422,11156,7642,4110,1469,327,43,331123,5912,7467,10697,12270,20281,34257,33268,23532,22986,22871,24935,25940,23471,22427,15829,11195,7642,4241,1542,316,44
"006 광진구","T003 등록외국인",17950,264,273,279,1362,5315,3750,1461,1080,837,674,673,947,569,299,120,24,7,10,3,1,2,17683,220,252,294,678,5273,4220,1593,1085,841,664,580,801,663,318,138,36,9,9,6,1,2
"007 동대문구","T001 계",366923,8425,9429,10896,13349,32536,36085,31449,25199,25261,23519,26490,26640,24866,24354,17787,13396,9878,5207,1736,370,51,371954,8811,9292,10908,13380,32759,36639,32308,26141,25296,24002,26406,27143,24793,24688,18379,13479,9901,5370,1824,381,54
"007 동대문구","T002 한국인",346241,8247,9257,10765,11853,24143,30908,29693,24262,24685,23094,26084,26204,24559,24191,17715,13369,9870,5195,1728,368,51,351542,8653,9129,10772,12730,24650,31006,30263,25171,24667,23549,26036,26720,24431,24528,18293,13448,9889,5360,1815,379,53
"007 동대문구","T003 등록외국인",20682,178,172,131,1496,8393,5177,1756,937,576,425,406,436,307,163,72,27,8,12,8,2,-,20412,158,163,136,650,8109,5633,2045,970,629,453,370,423,362,160,86,31,12,10,9,2,1
"008 중랑구","T001 계",383764,8037,8997,11231,12410,18104,29261,33836,26435,26089,25554,29385,33057,33240,31440,22155,15842,10823,5520,1853,435,60,383570,8004,8654,11145,12353,17948,29182,33856,26544,25745,25530,28856,33148,32846,32005,22834,15992,10838,5674,1920,433,63
"008 중랑구","T002 한국인",376916,7828,8808,11072,12011,16737,28202,33085,25752,25642,25174,29031,32659,32987,31315,22109,15821,10821,5518,1849,435,60,376665,7822,8470,10971,12105,16473,28102,33096,25839,25271,25153,28530,32745,32559,31869,22781,15960,10835,5673,1917,431,63
"008 중랑구","T003 등록외국인",6848,209,189,159,399,1367,1059,751,683,447,380,354,398,253,125,46,21,2,2,4,-,-,6905,182,184,174,248,1475,1080,760,705,474,377,326,403,287,136,53,32,3,1,3,2,-
"009 성북구","T001 계",437496,9466,12280,15965,19677,35135,36055,31693,27380,30258,30573,36471,34832,30174,28844,21022,16227,12036,6572,2237,527,72,437287,9465,11988,15835,19398,35185,36032,31807,27386,29875,30492,36042,35248,29865,29114,21555,16344,11988,6712,2347,540,69
"009 성북구","T002 한국인",422559,9321,12136,15841,17975,29671,32948,30376,26572,29634,30149,36119,34544,29976,28728,20966,16192,12018,6565,2231,527,70,422778,9344,11840,15711,18662,29673,32680,30338,26570,29227,30046,35693,34946,29640,28995,21484,16308,11970,6704,2340,540,67
"009 성북구","T003 등록외국인",14937,145,144,124,1702,5464,3107,1317,808,624,424,352,288,198,116,56,35,18,7,6,-,2,14509,121,148,124,736,5512,3352,1469,816,648,446,349,302,225,119,71,36,18,8,7,-,2
"010 강북구","T001 계",285900,4063,5691,8141,10416,16948,20952,19907,15455,17660,19202,24009,24950,24100,23883,18001,14328,10689,5429,1644,387,45,285862,4111,5504,8051,10198,17025,20815,19904,15537,17352,19186,23713,25194,23859,24218,18396,14435,10580,5611,1738,387,48
"010 강북구","T002 한국인",278928,3959,5615,8091,9718,14705,19547,19323,15029,17351,18953,23771,24733,23923,23771,17956,14306,10681,5427,1642,385,42,278786,4017,5422,7994,9905,14592,19243,19256,15078,17031,18922,23494,24967,23667,24094,18347,14411,10570,5608,1737,386,45
"010 강북구","T003 등록외국인",6972,104,76,50,698,2243,1405,584,426,309,249,238,217,177,112,45,22,8,2,2,2,3,7076,94,82,57,293,2433,1572,648,459,321,264,219,227,192,124,49,24,10,3,1,1,3
"011 도봉구","T001 계",303051,5058,6915,9949,11500,14822,19656,20763,17226,19595,20463,25143,27165,26461,26908,19258,13929,10193,5639,1908,432,68,302196,5065,6624,9835,11426,14625,19469,20668,17099,19293,20379,24731,27305,26148,27234,19797,14068,10125,5818,1979,434,74
"011 도봉구","T002 한국인",299899,4992,6846,9910,11294,14142,19144,20406,16906,19345,20315,24976,27005,26374,26857,19233,13919,10192,5636,1907,432,68,299065,5007,6565,9789,11324,13913,18939,20304,16780,19040,20222,24564,27131,26049,27187,19770,14058,10123,5814,1978,434,74
"011 도봉구","T003 등록외국인",3152,66,69,39,206,680,512,357,320,250,148,167,160,87,51,25,10,1,3,1,-,-,3131,58,59,46,102,712,530,364,319,253,157,167,174,99,47,27,10,2,4,1,-,-
"012 노원구","T001 계",489003,9997,13000,20216,24334,31255,32547,33170,28964,32785,36775,43192,41081,36911,35763,26060,18766,13226,7439,2776,661,85,487707,10013,12723,20072,24338,30600,32437,33244,28963,32417,36626,42235,41360,36443,36207,26779,18885,13170,7559,2888,662,86
"012 노원구","T002 한국인",483541,9959,12936,20168,23932,29653,31467,32548,28545,32462,36549,42986,40894,36781,35704,26028,18753,13220,7436,2775,660,85,482487,9985,12667,20014,24178,29112,31275,32622,28529,32090,36394,42028,41184,36308,36137,26742,18869,13164,7556,2886,661,86
"012 노원구","T003 등록외국인",5462,38,64,48,402,1602,1080,622,419,323,226,206,187,130,59,32,13,6,3,1,1,-,5220,28,56,58,160,1488,1162,622,434,327,232,207,176,135,70,37,16,6,3,2,1,-
"013 은평구","T001 계",459586,9137,11406,15694,18187,22476,34422,37716,30019,32242,33275,39117,38147,35263,34241,24837,19169,13739,7479,2425,526,69,458619,9160,11040,15493,18026,22048,34029,37751,30170,31603,33254,38560,38565,34889,34584,25522,19400,13726,7639,2541,543,76
"013 은평구","T002 한국인",455137,9073,11311,15615,17996,22039,33884,37184,29472,31771,32935,38795,37819,35024,34105,24773,19140,13719,7466,2423,524,69,454109,9107,10949,15416,17918,21564,33516,37160,29641,31100,32889,38256,38219,34638,34454,25432,19367,13703,7624,2539,542,75
"013 은평구","T003 등록외국인",4449,64,95,79,191,437,538,532,547,471,340,322,328,239,136,64,29,20,13,2,2,-,4510,53,91,77,108,484,513,591,529,503,365,304,346,251,130,90,33,23,15,2,1,1
"014 서대문구","T001 계",316832,6894,8567,10631,12487,25432,29337,26031,21271,22086,21179,24454,24042,21911,20472,14432,11464,8767,5195,1718,403,59,316837,6872,8272,10581,12150,25247,29572,26160,21425,21782,21297,24055,24323,21685,20800,14828,11534,8725,5239,1837,398,55
"014 서대문구","T002 한국인",300147,6802,8440,10439,11216,19307,25638,24563,20436,21412,20672,23984,23684,21613,20226,14289,11386,8710,5168,1706,400,56,300594,6798,8154,10403,11575,19387,25521,24571,20588,21096,20755,23608,23959,21373,20539,14671,11456,8665,5208,1821,394,52
"014 서대문구","T003 등록외국인",16685,92,127,192,1271,6125,3699,1468,835,674,507,470,358,298,246,143,78,57,27,12,3,3,16243,74,118,178,575,5860,4051,1589,837,686,542,447,364,312,261,157,78,60,31,16,4,3
"015 마포구","T001 계",369364,8277,10293,12498,13976,23833,36113,37688,29552,29006,26739,29903,26641,22695,20528,14457,11203,8781,4943,1798,388,52,368464,8262,9986,12469,13783,23671,35716,37479,29649,28715,26853,29454,27073,22495,20658,14873,11316,8646,5050,1857,407,52
"015 마포구","T002 한국인",357616,8161,10106,12323,13385,20879,33714,36207,28519,28230,26225,29475,26244,22423,20342,14326,11141,8754,4931,1794,387,50,356966,8163,9812,12280,13447,20903,33257,35962,28572,27934,26308,29045,26670,22203,20479,14729,11243,8621,5030,1853,405,50
"015 마포구","T003 등록외국인",11748,116,187,175,591,2954,2399,1481,1033,776,514,428,397,272,186,131,62,27,12,4,1,2,11498,99,174,189,336,2768,2459,1517,1077,781,545,409,403,292,179,144,73,25,20,4,2,2
"016 양천구","T001 계",428537,8307,14402,22922,23514,20769,26604,27908,24610,33189,36859,37724,34970,32178,30631,22392,15278,9181,4830,1813,390,66,427063,8272,14366,22893,23176,20117,26169,27820,24617,32985,36805,37190,34940,31739,31024,22981,15493,9222,4939,1846,401,68
"016 양천구","T002 한국인",425088,8257,14332,22864,23424,20568,26230,27539,24199,32829,36551,37412,34608,31924,30510,22329,15250,9174,4826,1809,389,64,423666,8232,14300,22836,23095,19951,25824,27445,24223,32583,36518,36891,34601,31449,30897,22908,15456,9215,4934,1843,399,66
"016 양천구","T003 등록외국인",3449,50,70,58,90,201,374,369,411,360,308,312,362,254,121,63,28,7,4,4,1,2,3397,40,66,57,81,166,345,375,394,402,287,299,339,290,127,73,37,7,5,3,2,2
"017 강서구","T001 계",556370,12153,14824,19724,20667,25646,47312,55146,42899,42307,40679,42457,39728,39508,40117,29399,20795,12744,6915,2633,625,92,555696,12167,14395,19484,20637,25190,46755,55032,43128,41857,40796,42188,39913,38850,40644,30247,21040,12782,7120,2736,637,98
"017 강서구","T002 한국인",549711,12023,14663,19615,20498,25111,46423,54261,42001,41621,40162,41991,39237,39139,39911,29313,20757,12729,6910,2630,624,92,548985,12053,14238,19369,20525,24663,45885,54126,42236,41094,40273,41737,39423,38441,40441,30139,20996,12765,7115,2732,636,98
"017 강서구","T003 등록외국인",6659,130,161,109,169,535,889,885,898,686,517,466,491,369,206,86,38,15,5,3,1,-,6711,114,157,115,112,527,870,906,892,763,523,451,490,409,203,108,44,17,5,4,1,-
"018 구로구","T001 계",408238,9796,10993,13533,14575,18089,29850,34728,30513,30062,29645,33017,33716,31599,30363,22709,16696,10736,5414,1765,394,45,406761,9615,10605,13398,14558,17749,29723,34602,30316,29583,29500,32306,33600,31667,30679,23374,16861,10823,5492,1847,415,48
"018 구로구","T002 한국인",383829,9345,10249,13009,14015,17154,28755,33365,28086,27558,27307,30080,29868,29089,28974,22163,16557,10696,5381,1750,387,41,382836,9288,9908,12812,14058,16852,28643,33333,28120,27045,27236,29751,29973,28680,29261,22674,16690,10770,5466,1826,406,44
"018 구로구","T003 등록외국인",24409,451,744,524,560,935,1095,1363,2427,2504,2338,2937,3848,2510,1389,546,139,40,33,15,7,4,23925,327,697,586,500,897,1080,1269,2196,2538,2264,2555,3627,2987,1418,700,171,53,26,21,9,4
"019 금천구","T001 계",237562,4192,4820,5947,6667,10221,22874,24900,17285,15451,14845,18191,20821,20690,18418,12634,9176,6131,3038,1029,201,31,236657,4097,4650,5860,6679,9977,22559,24975,17205,15306,14738,17666,20557,20776,18706,13074,9260,6131,3130,1066,217,28
"019 금천구","T002 한국인",223290,3928,4393,5650,6394,9691,22024,23914,15804,14063,13564,16429,18618,19257,17734,12357,9093,6110,3023,1018,199,27,222712,3894,4251,5542,6407,9466,21752,24014,15860,13870,13521,16134,18503,19105,18001,12726,9154,6106,3114,1056,212,24
"019 금천구","T003 등록외국인",14272,264,427,297,273,530,850,986,1481,1388,1281,1762,2203,1433,684,277,83,21,15,11,2,4,13945,203,399,318,272,511,807,961,1345,1436,1217,1532,2054,1671,705,348,106,25,16,10,5,4
"020 영등포구","T001 계",395248,10236,10564,11526,11773,17861,37494,43955,34072,29780,26801,29618,30475,27622,25239,17937,13524,9264,5205,1865,372,65,394382,10251,10141,11509,11767,17534,37339,43892,34081,29526,26710,29001,30321,27792,25510,18436,13638,9265,5280,1943,381,65
"020 영등포구","T002 한국인",371362,9854,9879,11039,11280,16678,36070,42454,31711,27551,24616,26896,26912,25108,23858,17413,13388,9225,5165,1849,357,59,371177,9952,9513,10974,11351,16421,35906,42484,31928,27285,24600,26640,27055,24900,24133,17781,13451,9215,5245,1919,369,55
"020 영등포구","T003 등록외국인",23886,382,685,487,493,1183,1424,1501,2361,2229,2185,2722,3563,2514,1381,524,136,39,40,16,15,6,23205,299,628,535,416,1113,1433,1408,2153,2241,2110,2361,3266,2892,1377,655,187,50,35,24,12,10
"021 동작구","T001 계",384281,8095,9430,11845,14148,26791,38850,36257,27065,26402,25905,29025,28525,25904,25025,18565,14601,10083,5421,1833,453,58,384624,8140,9154,11707,14243,27052,38626,36312,27412,26022,25747,28807,28740,25668,25215,18937,14697,10151,5561,1923,452,58
"021 동작구","T002 한국인",371924,7994,9343,11752,13088,23233,36642,35223,26285,25764,25388,28449,27816,25406,24712,18445,14575,10068,5409,1827,450,55,372236,8050,9073,11619,13564,23232,36261,35210,26657,25361,25245,28335,28071,25101,24903,18794,14656,10134,5552,1914,449,55
"021 동작구","T003 등록외국인",12357,101,87,93,1060,3558,2208,1034,780,638,517,576,709,498,313,120,26,15,12,6,3,3,12388,90,81,88,679,3820,2365,1102,755,661,502,472,669,567,312,143,41,17,9,9,3,3
"022 관악구","T001 계",497391,6705,7662,10586,14177,36284,73507,61787,35861,30190,29570,33586,33220,31317,30231,23150,18323,12737,6201,1850,402,45,498136,6657,7322,10378,14350,36813,73527,61987,36186,29847,29494,32946,33385,31077,30438,23652,18523,12749,6363,1965,431,46
"022 관악구","T002 한국인",477605,6509,7428,10412,13117,32040,69351,59557,34463,29137,28710,32577,31888,30338,29697,22939,18262,12716,6186,1838,396,44,478468,6500,7104,10176,13805,32472,69167,59560,34773,28753,28675,32074,32181,29989,29899,23402,18446,12722,6350,1951,425,44
"022 관악구","T003 등록외국인",19786,196,234,174,1060,4244,4156,2230,1398,1053,860,1009,1332,979,534,211,61,21,15,12,6,1,19668,157,218,202,545,4341,4360,2427,1413,1094,819,872,1204,1088,539,250,77,27,13,14,6,2
"023 서초구","T001 계",419295,10722,16009,22990,23097,21204,27773,30253,28755,34919,37485,37506,31124,25150,23848,18537,14089,9002,4598,1739,428,67,420387,10805,15917,22978,23238,20987,27487,30102,28740,34740,37684,37508,31720,25096,24026,18892,14280,9139,4728,1802,447,71
"023 서초구","T002 한국인",414428,10591,15806,22777,22950,20899,27168,29628,28109,34274,37000,37169,30888,25013,23772,18498,14072,8995,4591,1737,425,66,415540,10701,15718,22759,23107,20717,26908,29493,28114,34058,37179,37159,31448,24961,23946,18847,14261,9129,4723,1798,445,69
"023 서초구","T003 등록외국인",4867,131,203,213,147,305,605,625,646,645,485,337,236,137,76,39,17,7,7,2,3,1,4847,104,199,219,131,270,579,609,626,682,505,349,272,135,80,45,19,10,5,4,2,2
"024 강남구","T001 계",562508,12507,19627,32278,32024,27077,37942,43419,39196,48037,53072,49729,39336,32734,31363,25302,18905,11434,5714,2146,581,85,560293,12518,19320,32040,31908,26372,37259,43002,38875,47506,53246,49172,39876,32349,31449,25899,19217,11515,5885,2204,590,91
"024 강남구","T002 한국인",556330,12445,19550,32201,31856,26408,36751,42356,38299,47396,52659,49394,39081,32585,31278,25256,18879,11423,5704,2145,580,84,554165,12465,19239,31957,31763,25819,36151,41866,37997,46813,52805,48832,39618,32184,31374,25838,19187,11501,5875,2202,589,90
"024 강남구","T003 등록외국인",6178,62,77,77,168,669,1191,1063,897,641,413,335,255,149,85,46,26,11,10,1,1,1,6128,53,81,83,145,553,1108,1136,878,693,441,340,258,165,75,61,30,14,10,2,1,1
"025 송파구","T001 계",649759,16427,23042,29040,28162,29348,47930,57343,50337,54091,50866,50933,48111,44878,43453,31826,21591,12751,6338,2594,615,83,656388,16955,23080,29390,28512,29227,47508,57614,50948,54312,52016,50810,49040,44894,44137,32916,22137,12940,6530,2695,636,91
"025 송파구","T002 한국인",643350,16292,22897,28931,27988,28932,47229,56499,49408,53364,50383,50409,47573,44510,43270,31745,21566,12733,6332,2592,614,83,650071,16854,22935,29280,28392,28768,46829,56801,50037,53564,51522,50353,48500,44492,43955,32824,22103,12921,6523,2692,635,91
"025 송파구","T003 등록외국인",6409,135,145,109,174,416,701,844,929,727,483,524,538,368,183,81,25,18,6,2,1,-,6317,101,145,110,120,459,679,813,911,748,494,457,540,402,182,92,34,19,7,3,1,-
"026 강동구","T001 계",503997,14100,18130,22579,21416,21813,34880,41302,37398,41930,40037,38819,37192,36253,36385,26417,17574,10336,4925,1930,512,69,504618,14172,17908,22645,21436,21568,34451,41185,37526,41551,40718,38519,37383,35766,36794,27119,17790,10441,5068,1984,520,74
"026 강동구","T002 한국인",499127,13988,18023,22477,21290,21376,34236,40651,36803,41436,39687,38436,36808,36009,36235,26362,17548,10330,4924,1929,511,68,499795,14089,17797,22544,21324,21149,33808,40536,36935,41041,40357,38199,37005,35482,36637,27051,17766,10432,5067,1984,519,73
"026 강동구","T003 등록외국인",4870,112,107,102,126,437,644,651,595,494,350,383,384,244,150,55,26,6,1,1,1,1,4823,83,111,101,112,419,643,649,591,510,361,320,378,284,157,68,24,9,1,-,1,1
