"년월(STD_YM)","년월일(STD_YMD)","블록코드(BLOCK_CD)","X좌표(X_COORD)","Y좌표(Y_COORD)","유입지코드(INFLOW_CD)","시간대0시~1시미만(AVG_00TMST)","시간대1시~2시미만(AVG_01TMST)","시간대2시~3시미만(AVG_02TMST)","시간대3시~4시미만(AVG_03TMST)","시간대4시~5시미만(AVG_04TMST)","시간대5시~6시미만(AVG_05TMST)","시간대6시~7시미만(AVG_06TMST)","시간대7시~8시미만(AVG_07TMST)","시간대8시~9시미만(AVG_08TMST)","시간대9시~10시미만(AVG_09TMST)","시간대10시~11시미만(AVG_10TMST)","시간대11시~12시미만(AVG_11TMST)","시간대12시~13시미만(AVG_12TMST)","시간대13시~14시미만(AVG_13TMST)","시간대14시~15시미만(AVG_14TMST)","시간대15시~16시미만(AVG_15TMST)","시간대16시~17시미만(AVG_16TMST)","시간대17시~18시미만(AVG_17TMST)","시간대18시~19시미만(AVG_18TMST)","시간대19시~20시미만(AVG_19TMST)","시간대20시~21시미만(AVG_20TMST)","시간대21시~22시미만(AVG_21TMST)","시간대22시~23시미만(AVG_22TMST)","시간대23시~0시미만(AVG_23TMST)"
"201602","20160209","1*0*0*2*3*0*3*0*0*0*",956764.5,1956924,"47830",0,0,0,0.01,0,0,0,0.03,0,0,0,0.01,0.07,0.04,0.08,0,0.01,0.05,0,0,0.94,0.01,0,0
"201511","20151119","1*0*0*4*1*0*2*0*0*0*",960057.875,1955350,"11530",0,0,0.01,0,0.03,0,0,0,0.01,0,0.01,0.02,0.01,0,0.01,0,0,0,0,0,0,0.01,0,0
"201601","20160123","1*0*0*2*4*0*1*0*0*0*",957599.875,1956976,"47150",0,0,0.01,0,0,0,0,0,2.3,0.02,0.17,0.01,0,0.01,0.02,0.14,0,0.61,0,0,0,0.01,0.08,0
"201508","20150822","1*0*0*1*4*0*2*0*0*0*",956225.8125,1955201,"11260",0,0.01,0,0.01,0,0,0,0.04,0,0,0,0,0.01,0.01,0,0.02,0.06,0.05,0.04,0.01,0.19,0.02,0,0
"201606","20160630","1*0*0*4*2*0*2*0*0*0*",960068.8125,1957233,"26500",0,0,0,0,0,0,0.01,0,0,0,0,0.01,0.05,0.04,1.01,0,0,0,0.03,0.01,0,0,0,0.01
"201511","20151101","1*0*0*1*1*0*8*0*0*0*",956762.625,1957794,"27290",0,0.05,0,0.01,0,0,0.01,0.06,0.04,0.02,0,1.5,0,0.07,0,0.44,0.03,0,0.01,0.02,0.01,0.02,0,0
"201601","20160112","1*0*0*8*1*0*2*0*0*0*",956474.3125,1955515,"47770",0.02,0,0,0,0,0,0,0.01,0,0.51,0.02,0,0.01,0,0.01,0,0.01,0,0.14,0,0.49,0.04,0.02,0.01
"201605","20160522","1*0*0*6*1*0*1*0*0*0*",957205.1875,1955715,"47150",0,0,0,0,0,0.01,0,0,0,0,0,0,0.01,0.32,0,0.01,0.02,0.11,0.05,0,0.01,0.02,0.01,0
"201511","20151109","1*0*0*8*2*0*6*0*0*0*",957650.625,1957230,"43800",0,0,0,0,0,0,0.01,0,0,0,0.05,0.02,0,0,0.15,0.01,0.15,0,0,0.05,0.01,0,0,0.05
"201511","20151107","1*0*0*1*2*0*2*0*0*0*",957504.375,1956257,"45720",0,0,0,0,0.29,0,0,0,0.01,0,0.02,0.02,0.02,0,0.01,0.04,0,0.15,0.05,0.02,0.01,0,0,0
"201605","20160519","1*0*0*4*1*0*4*0*0*0*",957404.8125,1954220,"47760",0,0,0,0,0,0.01,0,0,0.01,0,0,0,0.02,0,0.01,0,0.02,0.01,0,0,0,0,0.02,0
"201602","20160219","1*0*0*1*1*0*5*0*0*0*",958336.875,1957899,"11620",0,0.02,0.13,0.01,0,0,0,0,0.03,0.05,0.01,0,0.01,0.01,0,0.2,0.02,0,0,0.01,0.01,0.03,0.01,0
"201605","20160501","1*0*0*7*4*0*5*0*0*0*",960055.6875,1958156,"44131",0,0,0,0.01,0,0,0.01,0,0.69,0,0.03,0,0.04,0.07,0.03,0.23,0,0.17,0,0,0.01,0,0,0
"201601","20160108","1*0*0*1*1*0*8*0*0*0*",956716.8125,1957228,"48125",0,0.01,0.01,0.01,0,0,0,0,0.01,0,0,0,0.02,0,0.01,0.04,0.02,0,0.01,0.02,0.01,0,0,0.01
"201512","20151220","1*0*0*2*4*0*1*0*0*0*",957746.3125,1957023,"45740",0,0.01,0,0,0,0,0,0,0,0,0.02,0,0,0,0,0,0.02,0.19,0.28,0.01,0.01,0,0.02,0
"201607","20160727","1*0*0*1*2*0*1*0*0*0*",959426.875,1955037,"26260",0,0.01,0,0.01,0,0,0,0.02,0,0,0,0.04,0.01,0.02,0,0,0,0,0,0.03,0.01,0.03,0,0
"201510","20151010","1*0*0*2*1*0*7*0*0*0*",960214.375,1955596,"11470",0,0,0,0,0,0.01,0,0.03,0,0.06,0.11,0,0,0.02,0,0.05,0.01,0.01,0.04,0.01,0,0.01,0.02,0.05
"201603","20160314","1*0*0*1*1*0*0*0*0*0*",956129.875,1954627,"41281",0,0,0,0,0,0,0,0.01,0.04,0.09,0,0.17,0.1,10.38,0,0.02,0.84,0,0.02,0,0.01,0.04,0.01,0
"201511","20151113","1*0*0*8*2*0*4*0*0*0*",956033.375,1954064,"41610",0,0,0.05,0,0,0,0,0.02,0,0.01,0,0.01,0.01,0.01,2.25,0.01,0.01,0.39,0,0,0,0,0,0.1
"201607","20160715","1*0*0*7*3*0*2*0*0*0*",959024,1954680,"48250",0,0.14,0.02,0,0,0,0.03,0.02,0,0.04,0.02,0.03,0.08,0,0,0.07,0.03,0.01,0,0,0.06,0,0,0.04
"201604","20160407","1*0*0*3*2*0*3*0*0*0*",960313.375,1957590,"41111",0.02,0,0,0,0,0,0,0.01,0.01,0.27,0.01,0,0.01,0,0,0.03,0.06,0.17,0.01,0,0,0.01,0,0
"201508","20150804","1*0*0*1*2*0*1*0*0*0*",961043.8125,1957541,"41283",0,0,0,0,0,0.02,0.02,0.01,0,0.01,0.01,0,0,0,0,0,0.28,0.01,0,0,0.03,0,0,0
"201512","20151218","1*0*0*4*1*0*3*0*0*0*",957700.125,1957492,"48270",0.01,0,0,0,0.04,0.01,0,0,0,0,0.02,0,0,0.02,0.02,0,0,0.06,0.02,0,0.01,0.02,0.02,0.02
"201604","20160403","1*0*0*6*4*0*4*0*0*0*",960703.375,1957589,"31710",0.01,0,0.01,0,0,0,0,0,0,0.02,0.01,0.01,0.01,0.07,0.01,0,0.01,0,0.11,0,0,0,0,0
"201605","20160516","1*0*0*1*1*0*5*0*0*0*",956277.3125,1955300,"43114",0,0,0,0,0,0,0,0,0,0.03,0,0.5,0,0,0,0,0.01,0,0.02,0.01,0,0.01,0,0.01
"201602","20160225","1*0*0*1*2*0*7*0*0*0*",956569.375,1954935,"11290",0.01,0.01,0,0,0,0,0,0.01,0.03,0,0.02,0,0.02,0.02,0.26,0.05,0,0.1,0.01,0.01,0,0.03,0.02,0.02
"201510","20151030","1*0*0*4*1*0*0*0*0*0*",960214.375,1955029,"28245",0,0,0,0,0,0,0,0,0.12,0,0,0.13,0.02,0.01,0.01,0,0,0.75,0,0,0,0.01,0.03,0.03
"201509","20150920","1*0*0*1*2*0*7*0*0*0*",960411,1956058,"27200",0.03,0,0,0,0,0,0,0,0.03,0,0.03,0,0.01,0.04,0.03,0.05,0.21,0,0,0.01,0.65,0.25,0,0.04
"201508","20150806","1*0*0*2*4*0*1*0*0*0*",960948.375,1955241,"41290",0,0.13,0.03,0,0.01,0,0,0.01,0,0,0,0,0.01,0.03,0.01,0.15,0,0.01,0,0.03,0,0,0,0.01
"201601","20160123","1*0*0*8*1*0*0*0*0*0*",955006.3125,1957231,"44210",0,0.01,0,0,0,0,0,0,0.03,0,0,0,0.01,0,0,0,0.01,0,0.03,0.01,0,0.05,0.04,0.02
"201603","20160301","1*0*0*2*3*0*3*0*0*0*",961095.3125,1958054,"28110",0.02,0.01,0.03,0,0.05,0,0.02,0,0,0.02,0.01,0,0.01,0,0,0,0.14,0.01,0.01,0.01,0,0,0.05,0
"201510","20151014","1*0*0*2*4*0*1*0*0*0*",957600.375,1954943,"27260",0.01,1.23,0,0,0,0,0,0,0,0.03,0.02,0.01,0.03,0.01,0.09,0,0,0,0.14,0.02,0,0,0,0
"201601","20160128","1*0*0*7*4*0*5*0*0*0*",957009.8125,1957796,"41670",0.04,0.01,0,0.01,0.01,0,0,0,0.01,0,0,0.01,0,0,0.12,0.05,0.06,0.08,2.12,0.05,0.25,0.01,0,0
"201601","20160117","1*0*0*2*3*0*6*0*0*0*",955494.5,1954781,"41450",0.01,0,0,0,0,0,0.01,0,0,0,0,0,0,0,0.1,0,0.02,0.36,0,0.18,0,0.01,0.08,0.03
"201605","20160503","1*0*0*6*4*0*2*0*0*0*",957162.1875,1956768,"31170",0.01,0,0,0,0,0,0,0,0,0.06,0,0.28,0.32,0.02,0.02,0.02,0,0,0,0,0,0,0,0
"201511","20151119","1*0*0*4*2*0*2*0*0*0*",956521.6875,1955047,"26320",0,0,0,0,0,0,0,0.02,0.01,0,0.01,0.01,0.27,0.01,0,0.01,0.01,0.04,0.01,0.02,0.02,0,0.01,0
"201601","20160113","1*0*0*1*1*0*5*0*0*0*",956469.875,1955595,"45210",0.03,0,0,0.01,0.03,0,0,0,0,0.26,0,0.01,0,0.09,0.01,0,0,0.22,0.02,0,0,0,0,0
"201606","20160618","1*0*0*7*1*0*4*0*0*0*",960700.8125,1955491,"46720",0,0,0,0.01,0,0,0.02,0,0,0.02,0.08,0.05,0.06,0.03,0.01,0,0,0,0.01,0.01,0,0,0.04,0.12
"201511","20151120","1*0*0*1*4*0*3*0*0*0*",960411.3125,1955597,"27140",0,0,0,0.04,0,0,0.01,0.02,0.09,0,0.01,0.01,0.01,0,0.03,0.01,0,0,0,0.01,0,0,0.05,0
"201606","20160629","1*0*0*1*1*0*6*0*0*0*",957156.625,1955242,"47760",0.01,0.03,0,0,0,0,0,1.72,0,0,0.06,0.01,0,0,0.03,0.01,0.01,0.03,0.01,0,0.01,0.04,0,0.06
"201509","20150922","1*0*0*2*3*0*3*0*0*0*",960607.125,1953910,"41250",0,0,0,0,0,0,0,0.13,0.04,0,0.14,0,0.01,0,0.02,0,0.04,0,0,0.08,0.01,0,0.01,0.01
"201509","20150917","1*0*0*4*1*0*5*0*0*0*",959772.375,1957640,"48129",0,0,0,0,0,0,0,0.01,0,0,0,0,0.01,0,0.09,0,0,0.07,0.06,0.03,0,0,0,0.03
"201510","20151027","1*0*0*2*1*0*8*0*0*0*",959813.375,1955295,"26320",0,0,0,0,0,0,0,0,0,0,0,0.01,0,0,0,0,0,0.03,0,0.02,0,0,0,0
"201508","20150810","1*0*0*1*4*0*4*0*0*0*",959476.375,1957126,"43730",0,0,0,0,0,0,0.01,0,0.01,0,0.03,0.05,0.03,0.03,0,0.03,0.06,0.01,0.28,0.01,0.01,0,0,0
"201512","20151216","1*0*0*2*4*0*1*0*0*1*",957058.5,1955294,"41463",0.01,0,0,0,0,0,0,0.01,0,0.01,0.02,0.16,0.02,0,0,0,0.01,0,0,0,0.01,0,0.07,0.02
"201509","20150929","1*0*0*8*1*0*6*0*0*0*",956811.875,1955087,"42760",0,0,0,0,0,0.03,0,0,0.03,0.19,0.24,0.01,0,0,0.02,0.01,0.07,0.03,0.02,0.01,0.01,0,0.74,0.01
"201601","20160109","1*0*0*4*1*0*2*0*0*0*",956372.625,1954885,"11545",0,0,0,0,0,0,0,0,0,0,0,0,0.12,0,0.03,0.03,0,0.03,0.01,0.02,0.02,0,0.03,0.01
"201603","20160312","1*0*0*7*1*0*2*0*0*0*",958587.1875,1957183,"46890",0,0,0,0,0,0,0,0,0,0.01,0.01,0,0.03,0.04,0,0.01,0,0.01,0,0,0,0,0.03,0.2
"201509","20150920","1*0*0*2*3*0*6*0*0*0*",956571.3125,1953704,"11590",0,0.01,0,0,0,0,0,0,0,0,0.01,0,0.02,0,0,0.01,0.06,0.02,0,0.04,0,0,0,0
"201601","20160117","1*0*0*1*2*0*5*0*0*0*",956957.3125,1953653,"43760",0.01,0,0,0,0,0,0,0.01,0,0,0,0.01,0.01,0,0.01,0,0,0.03,0,0.06,0.04,0,0,0.03
"201602","20160219","1*0*0*2*4*0*1*0*0*0*",956763.8125,1955403,"48740",0,0,0.04,0,0,0,0,0,0.02,4.55,0.04,0.09,0,0.08,0.13,0.42,0,0.18,0,0,0.03,0.03,0.1,0
"201607","20160728","1*0*0*7*2*0*8*0*0*0*",959813.1875,1957330,"48123",0.01,0,0,0,0,0,0.01,0,0,0,0,0,0.06,0,0,0.02,0,0.01,0,0.03,0,0,0.04,0
"201510","20151013","1*0*0*1*4*0*3*0*0*0*",958290.375,1954581,"29200",0,0,0,0,0,0.01,0,0,0,0,0.01,0,0.02,0.01,0.03,0.01,0.01,0.01,0,0,0.01,0.01,0.02,0.01
"201508","20150803","1*0*0*4*1*0*8*0*0*0*",957106.8125,1957178,"41135",0,0.12,0.01,0,0,0,0,0,0,0,0.01,0,0.03,0,0,0,0.18,0.14,0,0,0.01,0.01,0,0.01
"201601","20160104","1*0*0*1*4*0*1*0*0*0*",954951.6875,1953704,"11530",0,0,0,0,0,0,0,0,0,0,0.02,0,0,0,0,0.02,0.01,0,0.09,0.01,0.1,0.01,0.01,0
"201508","20150811","1*0*0*8*1*0*7*0*0*0*",956570.8125,1955390,"43111",0,0.01,0,0.03,0,0,0.02,0,0,0,0.01,0,0.01,0.09,0.01,0,0.01,0.01,0,0.09,0.01,0,0,0
"201606","20160629","1*0*0*6*4*0*2*0*0*0*",959867.5,1954370,"43111",0,0.03,0,0,0,0,0,0,0,0.03,0.11,0,0.01,0,0,0.01,0.03,0,0.01,0,0.02,0.02,0.02,0.02
"201509","20150911","1*0*0*3*1*0*2*0*0*0*",955347.125,1955714,"41570",0.01,0,0,0,0,0.02,0,0,0,0.02,0,0,0.02,0,0.1,0.01,0,0.01,0.04,0.45,0,0,0.04,0
"201508","20150824","1*0*0*7*4*0*1*0*0*0*",957061.1875,1957281,"41210",0,0,0,0,0,0,0,0,0.19,0.02,0,0,0.03,0.02,0,0.01,0,0.05,0.28,0,0.01,0.01,0,0
"201607","20160704","1*0*0*8*2*0*3*0*0*0*",955835.125,1954115,"47170",0,0,0.02,0,0.01,0.05,0,0,0,0.02,0.02,0.01,0.27,0.17,0,0.01,0,0.01,0,0.1,0.01,0.09,0.02,0
"201604","20160425","1*0*0*8*2*0*1*0*0*0*",957105.5,1956206,"27110",0,0,0,0,0,0,0,0,0,0.02,0,0.02,0.02,0.02,0.01,0.01,0,0,0.16,0.01,0.02,0,0.02,0
"201602","20160210","1*0*0*2*3*0*4*0*0*0*",957253.625,1957175,"11170",0,0,0,0,0,0,0,0,0,0,0.14,0.01,0,0.11,0.01,0.02,0.01,0,0.01,0.03,0,0.06,0.05,0
"201601","20160127","1*0*0*2*4*0*1*0*0*0*",959664.875,1955306,"11470",0.47,0,0,0,0,0,0.02,0,0,0.01,0.01,0.01,0.01,0.01,0,0.02,0.01,0,0.01,0.02,0,0,0,0
"201601","20160108","1*0*0*7*3*0*3*0*0*0*",960508.125,1954990,"11110",4.6,0,0,0,0,0,0,0,0,0,0.58,0.08,0,0.02,0.04,0,0,0,0,0.38,0.04,0.01,0.06,0
"201601","20160119","1*0*0*6*2*0*7*0*0*0*",960503.625,1955248,"47760",0,0.08,0,0,0.02,0,0,0,0.01,0.02,0,0,0,0.01,0.02,0.03,0,0,0,0,0.01,0.17,0.01,0.23
"201602","20160202","1*0*0*1*2*0*2*0*0*0*",955641.875,1954680,"26140",0.1,0,0,0,0,0,0.03,0.01,0,0.1,0.03,0.02,0,0.04,0,0.01,0,0.02,0,0.03,0.11,0.02,0.11,0.04
"201604","20160408","1*0*0*3*1*0*2*0*0*0*",957700.625,1958054,"41273",0.04,0.02,0,0,0,0,0,0,0.02,0,0.02,0.1,0.1,0,0,0.01,0,0.13,0.02,0,0.14,0,0.03,0
"201604","20160405","1*0*0*2*4*0*3*0*0*0*",955933.6875,1954220,"41630",0,0.03,0,0,0,0,0,0,0.03,0,0.01,0,0,0,0.17,0.01,0.02,0.02,0,0,0.21,0,0,0
"201603","20160330","1*0*0*8*2*0*6*0*0*0*",960066.125,1954369,"47920",0,0,0,0,0,0,0,0.07,0,0.01,0.02,0.03,0,0,0,0.01,0.03,0,0.01,0,0,0.03,0,0.21
"201606","20160606","1*0*0*8*2*0*8*0*0*0*",955299.125,1957542,"28140",0,0,0,0,0,0,0,0.02,0.03,0.01,0,0,0.19,0,0.01,0.11,0.05,0.09,0,0,0,0,0.02,0
"201510","20151025","1*0*0*2*4*0*3*0*0*0*",960253.3125,1957538,"26110",0,0,0.01,0,0,0,0,0,0,0,0.01,0,0.07,0,0.01,0.01,0,0.01,0.04,0.08,0,0.79,0.01,0
"201607","20160706","1*0*0*8*1*0*4*0*0*0*",960164.125,1955088,"11305",0,0,0,0,0,0,0.01,0,0,0,0,0.01,0,0,0.06,0,0.04,0,0.02,0,0.04,0.01,0.02,0
"201602","20160214","1*0*0*7*3*0*8*0*0*0*",956325.3125,1956873,"11260",0,0,0,0,0,1.17,0,0,0,0.01,0,0.61,0,0.02,0,0,0,0,0,0,0,0.02,0,0
"201603","20160302","1*0*0*3*1*0*4*0*0*0*",956910.625,1954783,"46810",0,0,0.01,0.01,0,0,0.01,0,0,0.01,0.02,0.02,0,0,0,0.21,0,0.14,0.03,0.01,0.01,0.18,0,0
"201512","20151231","1*0*0*1*3*0*1*0*0*0*",960164.125,1958105,"28110",0.01,0.01,0.01,0,0,0,0,0,0,0,0.01,0.01,0,0.1,0.01,0,0,0.23,0,0.01,0,0,0.01,0
"201509","20150928","1*0*0*4*1*0*7*0*0*0*",956960.375,1955096,"26470",0,0,0,0,0,0,0,0,0.06,0,0,0.01,0.01,0,0.01,0.01,0.01,0,0.03,0.02,0,0,0,0.07
"201605","20160517","1*0*0*2*3*0*5*0*0*0*",960209.5,1957281,"41463",0,0,0,0,0,0.02,0,0.01,0,0,0.01,0,0.01,0.01,0.01,0,0.06,0.01,0,0,0.04,0,0.24,0
"201603","20160304","1*0*0*2*4*0*1*0*0*1*",955250.6875,1954947,"42770",0,0,0,0,0,0,0,0,0.01,0,0.02,0,0.06,0,0,7.11,0,0,0,0.01,0,0.01,0,0.06
"201508","20150808","1*0*0*7*3*0*2*0*0*0*",959673.625,1955905,"48250",0,0.02,0.01,0,0,0.01,0,0,0,0.01,0.01,0,0,0,0,0.03,0.01,0.01,0.02,0.01,0.16,0,0,0
"201509","20150917","1*0*0*2*1*0*1*0*0*0*",957010.875,1954218,"44210",1.31,0,0,0,0,0,0,0,0.02,0,0.01,0,0,0,0,0,0.01,0,0.01,0,0,0,0,0
"201511","20151107","1*0*0*1*2*0*5*0*0*0*",960602.375,1958361,"11140",0,0,0,0,0,0,0,0.04,0,0,0,0.02,0,0,0.08,0,1.28,0.02,0.08,0.04,0.01,0.07,0,0
"201607","20160710","1*0*0*8*1*0*8*0*0*0*",957157.375,1954833,"43111",0,0.16,0,0,0,0,0.01,0.23,0.01,0.02,0.03,0,0.02,0,0.01,0,0.06,0,0.02,0.05,0.31,0,0,0
"201508","20150818","1*0*0*4*1*0*9*0*0*0*",959564.6875,1957846,"48121",0,0.01,0,0.02,0,0.02,0,0.01,0,0.01,0.01,0,0.01,0.13,0,0.08,0.01,0,0.02,0,0,0.03,0,0.03
"201602","20160214","1*0*0*2*4*0*1*0*0*0*",960603.1875,1955141,"48880",0,0,0,0,0,0,0,0.02,0.07,0,0,0,0.01,0,0.03,0,0.01,0,0.01,0.01,0.05,0,0.28,0
"201511","20151104","1*0*0*4*1*0*3*0*0*0*",960111.1875,1954425,"26260",0,0,0,0.01,0.02,0,0,0,0,0.01,0,0.01,0.04,0.01,0.03,0.03,0,0.01,0.16,0,0,0,0.02,0.25
"201509","20150915","1*0*0*2*4*0*1*0*0*0*",955101.125,1954680,"42750",0,0.01,0,0,0,0.01,0,0,0,0.01,0.07,0.01,0,0.1,0.42,0,0,0.04,0.03,0.01,0.01,0,0,0
"201508","20150808","1*0*0*2*3*0*7*0*0*0*",957746.3125,1957177,"27230",0.17,0,0,0,0,0,0,0.01,0,0,0,0.13,0.01,0.09,0,0,0.02,0,0.02,0,0.02,0,0.01,0
"201606","20160630","1*0*0*3*1*0*4*0*0*0*",959721.125,1955149,"44810",0,0,0.01,0,0,0,0,0,0,0.02,0,0,0.02,0.01,0.03,0,0.01,0.02,0,0,0.13,0.47,0,0.01
"201510","20151009","1*0*0*3*3*0*5*0*0*0*",960850.3125,1955086,"42170",0,0,0,0,0,0,0.02,0,0,0.01,0,0.04,0,0.36,0.13,0.01,0,0,0.01,0,0.01,0.13,0,0
"201606","20160616","1*0*0*2*4*0*1*0*0*1*",956080.3125,1954678,"42110",0,0,0,0,0,0,0,0,0.03,0,0,0.1,0.02,0.09,0,0,0.01,0.02,0,0.01,0,0.01,0.01,0.02
"201510","20151013","1*0*0*8*1*0*4*0*0*0*",955740.8125,1957437,"41500",0,0,0,0,0,0,0,0.04,0,0.02,0.08,0.03,0.05,0,0,0,0,0,0.03,0,0.22,0,0.01,0.03
"201603","20160329","1*0*0*3*1*0*5*0*0*0*",957550.375,1954576,"46150",0,0.02,0,0,0,0,0.01,0.02,0.04,0,0.32,0,0.05,6.12,0,0.01,0.01,0.01,0.01,0,0,0.04,0.02,0
"201512","20151217","1*0*0*4*2*0*8*0*0*0*",960946.625,1957485,"43113",0,0,0,0,0,0,0,0.01,0.05,0,0,0,0.04,0.01,0,0.01,0,0.03,0.2,0,0,0,0.01,0
"201512","20151210","1*0*0*8*3*0*4*0*0*0*",960014.3125,1954830,"42130",0,0.01,0,0.39,0,0,0,0,0.22,0.15,0.02,0.53,0.05,0.01,0,0.12,0.01,0.02,0,0,0.01,0.03,0,0
"201603","20160307","1*0*0*2*3*0*7*0*0*0*",955691.8125,1955597,"43111",0.01,0,0,0,0,0,0.02,0.04,0,0,0,0.02,0,0.03,0,0.01,0.02,0,0,0,0,0.17,0,0
"201601","20160106","1*0*0*1*1*0*8*0*0*0*",956179.1875,1958156,"31170",0,0,0,0,0,0,0,0,0,0,0,0.02,0.08,0,0.04,0,0,0,0,0,0.01,0.07,0.01,0
"201604","20160425","1*0*0*1*1*0*7*0*0*0*",955934.8125,1957124,"26500",0,0,0,0.23,0,0,0,0.01,0,0.01,0,0.02,0,0,0.03,0.01,0.01,0,0.01,0.01,0.03,0,0.12,0.04
"201603","20160330","1*0*0*6*4*0*6*0*0*0*",954415,1955495,"46770",0.01,0.01,0.01,0,0,0,0,0,0.08,0.05,0.01,0,0,0,0,0.01,0,0.01,1.58,0,0.03,0,0,0.03
"201604","20160424","1*0*0*6*1*0*1*0*0*0*",960209.3125,1956871,"42230",0.01,0,0.01,0,0,0,0,0,0,0,0.01,0.01,0.01,0.01,0,0.01,0.09,0.13,0,0,0,0.02,0.11,0
"201606","20160601","1*0*0*3*3*0*5*0*0*0*",961094.5,1957082,"26290",0,0,0,0,0,0.02,0,0.16,0,0,0,0,0,0,0.14,0,0.01,0,0,0.01,0,0.02,0,0
"201601","20160119","1*0*0*4*2*0*5*0*0*0*",958924.875,1954837,"11500",0,0,0,0,0,0,0.01,0,0.01,0.05,0.01,0,0.04,0.01,0.11,0.09,0,0.07,0.01,0.03,0,0,0,0.01
"201603","20160301","1*0*0*6*1*0*1*0*0*0*",960504.625,1957284,"41287",0.01,0,0.1,0,0,0,0,0,0,0.14,0,0.07,0,0.02,0,0.03,0.05,0.1,0.01,0.01,0,0.01,0.05,0.01
"201606","20160622","1*0*0*8*3*0*2*0*0*0*",959476.375,1955255,"48110",0.01,0,0,0,0,0,0,0,0.03,0,0.06,0,0,0.01,0.01,0.01,0,0.04,0,0.04,0,0,0,0
"201606","20160630","1*0*0*2*4*0*1*0*0*0*",955885.5,1957128,"46130",0,0.01,0,0.02,0,0,0,0,0,0.01,0,0,0.05,0.01,0.04,0,0,0,0.02,0.27,0,0,0,0.02
"201601","20160117","1*0*0*3*2*0*5*0*0*0*",957204.125,1956059,"42210",0.03,0,0,0.01,0,0,0,0,0,0.03,0.01,0.01,0.26,0,0,0,0.01,0.01,0,0.03,0.01,0,0,0.25
"201512","20151215","1*0*0*4*1*0*5*0*0*0*",955344.125,1956101,"46830",0.01,0,0.13,0,0,0,0,0,0,0.01,0,0,0,0,0.09,0.01,0.04,0,0,0.01,0,0.01,0,0
"201508","20150804","1*0*0*4*1*0*4*0*0*0*",956711.6875,1954735,"41197",0,0,0,0,0,0,0,0,0,0.02,0,0.01,0.02,0,0.01,0,0.08,0,0.03,0.04,0.71,0,0,0
"201601","20160130","1*0*0*6*1*0*6*0*0*0*",959426.6875,1953962,"43114",0.01,0.07,0,0,0,0.03,0,0,0,0,0.01,0.01,0,0,0,0,0.02,0.01,0,0.01,0,0.07,0,0
"201511","20151124","1*0*0*1*1*0*2*0*0*0*",955638.625,1954115,"11380",0,0,0,0,0,0,0,0,0,0.01,0.01,0,0,0,0.08,0,0,0.07,0,0.23,0,0,0,0
"201510","20151015","1*0*0*2*3*0*7*0*0*0*",961044.6875,1955088,"11305",0,0,0,0,0,0,0.1,0.01,0.08,0,0,0,0,0.01,0,0.01,0.03,0.03,0.05,0.01,0,0,0,0
"201602","20160216","1*0*0*2*3*0*4*0*0*0*",957058,1957696,"48870",0.04,0,0,0,0,0,0,0,0,0,0,0.04,0.07,0.13,0.01,0.07,0.01,0.01,0,0,0.34,0,0,0.24
"201607","20160703","1*0*0*7*2*0*4*0*0*0*",957010.625,1954218,"41390",0.11,0,0,0,0,0,0,0,0.01,0,0.01,0.02,0.02,0.01,0,0.18,0,0.03,0,0.03,0.02,0.01,0.01,0
"201607","20160719","1*0*0*6*4*0*9*0*0*0*",956665.875,1958106,"43710",0,0,0,0,0,0,0,0,0,0.01,0,0.02,0.44,0.01,0.01,0,0,0,7.06,0.02,0,0.01,0.02,0
"201606","20160616","1*0*0*1*3*0*3*0*0*0*",955540.8125,1955253,"43150",0,0,0,0,0,0.01,0,0,0,0.01,0,0.01,0.02,0.05,0.01,0,0,0,0.02,0.04,0,0.01,0.01,0
"201508","20150824","1*0*0*2*3*0*7*0*0*0*",955001.125,1958104,"11110",0.01,0,0,0,0.01,0,0,0,0.03,0,0.01,0,0.02,0,0,0,0,0,0,0,0,0.01,0.01,0
"201511","20151114","1*0*0*1*1*0*2*0*0*0*",956568.875,1954994,"44250",0.01,0,0.01,0,0,0,0,0,0.06,0.01,0.09,0,0.06,0,0.5,0.08,0.02,0.01,0,0,0.02,0.01,0.02,0.01
"201603","20160306","1*0*0*4*2*0*4*0*0*0*",957402.875,1954523,"11110",0,0,0,0.02,0,0.07,0,0,0.08,0.01,0.03,0.01,0.05,0.01,0.12,0,0,0,0,0,0,0,0,0
"201602","20160216","1*0*0*3*2*0*2*0*0*0*",960111.6875,1953705,"11590",0,0,0,0,0,0,0,0,0.01,0,0,0.01,0.04,0.01,0,0.13,0.01,0.02,0,0.01,0,0,0,0.02
"201602","20160210","1*0*0*1*1*0*7*0*0*0*",959574,1954525,"45790",0,0,0,0,0,0,0,0,0,0,0,0,0,5.07,0,0.01,0,0.02,0.55,0.01,0,0.17,0.03,0.01
"201512","20151220","1*0*0*6*4*0*5*0*0*0*",960309.5,1957126,"27230",0,0,0,0,0,0,0,0.01,0.01,0,0.02,0,0.01,0.02,0,0,0.03,0.01,0,0.02,0,0,0.02,0
"201605","20160529","1*0*0*6*2*0*0*0*0*0*",956861.8125,1955998,"41113",0,0,0,0,0,0,0,0,0,0,0.02,0.18,0.01,0,0,7.88,0.02,0.01,0.03,0.05,0.01,0,0,0
"201604","20160428","1*0*0*2*3*0*5*0*0*0*",958634.3125,1955817,"41111",0.03,0,0,0.02,0,0,0,0,0.03,0,0.01,0,0.04,0,0,0,0.01,0.04,1.01,0,0.07,0.01,0,0
"201606","20160602","1*0*0*7*3*0*9*0*0*0*",959427.375,1954218,"47113",0,0.02,0.06,0,0.07,0,0,0,0.02,0.18,0,0.01,0.03,0.01,0,0,0,0.12,0.03,16.51,0,0.01,0,0
"201602","20160218","1*0*0*7*3*0*9*0*0*0*",960353.3125,1956110,"41271",0,0.04,0.02,0,0,0,0,0,0,0.09,0,0,0,0,0.01,0,0,0,0.03,0,0,0.01,0.01,0
"201508","20150829","1*0*0*3*3*0*2*0*0*0*",960117.875,1954726,"41465",0,0.02,0,0,0,0,0,0,0,0.01,0,0.02,0.01,0.04,0,0.01,0.03,0.01,0.04,0.04,0,0.01,0.14,0.02
"201605","20160528","1*0*0*2*3*0*7*0*0*0*",961290.125,1954631,"48250",0.01,0,0,0,0,0,0.02,0.01,0.12,0,0.09,0,0,0,0.01,0.01,1.68,0.01,0,0.08,0.17,0,0.03,0
"201604","20160409","1*0*0*8*2*0*1*0*0*0*",959573.8125,1956154,"41115",0,0,0,0,0,0,0,0,0,0.01,0.02,0.01,0,0.13,0,0,0,0,0,0,0,0,0,0
"201508","20150825","1*0*0*2*1*0*7*0*0*0*",960507.8125,1954472,"41199",0,0,0,0,0,0,0,0,0,0,0.01,0,0.01,0.01,0,0,0,0,0.02,0.02,0,0,0,0
"201601","20160110","1*0*0*2*3*0*3*0*0*0*",960015,1957023,"26230",0,0,0,0,0,0.02,0,0,0,0,0.01,0,0,0,0.01,0.01,0.01,0.01,0.01,0,0,0.01,0.02,0
"201607","20160731","1*0*0*8*2*0*8*0*0*0*",956375.125,1955344,"44200",0.01,0,0,0,0.13,0,0,0,0,0.03,0,0.01,0,0.09,0.03,0,0.05,0,0.01,0.01,0.03,0.19,0,0
"201602","20160220","1*0*0*3*2*0*5*0*0*0*",957209.125,1955286,"46800",0,0,0,0.01,0,0,0,0.02,0,0.01,0.01,0,0.09,0,0,0.03,0.01,0,0,0.01,0.01,0,0,0.01
"201607","20160721","1*0*0*1*1*0*2*0*0*0*",957651.875,1955335,"27170",0,0,0.01,0,0,0,0.01,0,0.01,0.03,0.07,0,0.02,0.01,0.01,0.09,0.46,0.04,0,0.05,0.03,0.07,0.02,0.09
"201508","20150822","1*0*0*7*3*0*3*0*0*0*",960260.1875,1955098,"11170",0,0.06,0,0,0,0.02,0,0,0.01,0.05,0,0.04,0.07,0,0,0.01,1.81,0.09,0.07,0.01,0.02,0,0.01,0
"201605","20160513","1*0*0*2*1*0*0*0*0*0*",957450.875,1957645,"50130",0,0,0.01,0.01,0,0,0,0.01,0,0.01,0,0.3,0,0.11,0.01,0,0,0,0.28,0.01,0,0.03,0.02,0.01
"201602","20160221","1*0*0*8*1*0*4*0*0*0*",960210,1956971,"11320",0.06,0,0,0,0.04,0.01,0,0,0,0,0,0.01,0,0.17,0,1.53,0.06,0.05,1.84,0,0,0,0.01,0.02
"201605","20160504","1*0*0*4*2*0*7*0*0*0*",958826.3125,1954885,"31170",0,0,0,0,0,0.08,0,0,0.01,0,0.04,0,0.01,0,0,0.01,0,0,0,0.33,0,0,0.01,0
"201603","20160311","1*0*0*1*1*0*7*0*0*0*",957012.375,1958157,"28185",0,0,0.01,0.01,0.03,0,0,0,0,0.01,0.01,0.04,0,0,0.03,0,0.01,0,0.01,0.01,0.05,0,9.25,0
"201605","20160502","1*0*0*3*4*0*7*0*0*0*",957259.375,1957591,"29140",0,0,0,0,0,0,0,0,0,0,0.02,0,0.01,0.05,0.01,0.01,0.01,0.01,0,0.01,0.49,0,0.02,0
"201604","20160407","1*0*0*3*2*0*3*0*0*0*",960305.8125,1957023,"42190",0.04,0.01,0.02,0,0,0.01,0,0.03,0.01,0,0,0.01,0,0,0,0.01,0.03,0.01,0,0,0.01,0.01,1.37,0
"201509","20150927","1*0*0*4*2*0*2*0*0*0*",959723.375,1955083,"45210",0,0,0,0,0,0,0,0.01,0.01,0,0,0.01,0,0.01,0,0,0.02,0,0.04,0,0.06,0.08,0,0
"201603","20160319","1*0*0*2*3*0*3*0*0*0*",959427.875,1956512,"44800",0,0.06,0,0,0.01,0.01,0.01,0,0.01,1.52,0.01,0.1,0,0.03,0,2.38,0.03,0,0.02,0,0,0.41,0.04,0
"201606","20160628","1*0*0*1*3*0*2*0*0*0*",960799.5,1957642,"43730",0,0,0,0,0,0,0,0,0.07,0,0,0.08,0,0,0.03,0.07,0.06,0.01,0.01,0.04,0.02,0.01,0,0
"201511","20151130","1*0*0*8*2*0*5*0*0*0*",954562.375,1954473,"28200",0,0,0,0,0,0,0,0,0,0,0.1,0,0,0,0,0.04,0.04,0.01,0,0,0,0.02,0,0.05
"201508","20150809","1*0*0*6*2*0*5*0*0*0*",959526.3125,1954423,"44133",0,0,0,0,0,0,0.18,0,0.02,16.31,0.08,0,0.02,0.02,0.02,0,0,0,0,0.19,0.01,0,0,0.01
"201511","20151130","1*0*0*2*3*0*5*0*0*0*",960947.125,1957082,"41730",0,0,0.01,0,0,0,0,0,0,0,0,0.08,0,0.09,0.02,0.01,0.01,0,0,0.01,0,0.01,0.01,0.03
"201602","20160212","1*0*0*6*2*0*5*0*0*0*",960700.8125,1955716,"41131",0,0,0,0,0,0,0,0.02,0,0.03,0,0,0.07,0.02,0.1,0.02,0,0,0.02,0,0.02,0,0,0
"201602","20160221","1*0*0*2*2*0*1*0*0*0*",959770.375,1953755,"42130",2.09,0,0,0,0.13,0,0.01,0.02,0.02,0.01,0,0.01,0.01,0.08,0.01,0.01,0,0.02,0.01,0.01,0,0,0,0
"201512","20151201","1*0*0*2*1*0*1*0*0*0*",960215.875,1955080,"41173",0,0,0,0,0,0,0,0,0.01,0,0,0.04,0.11,0.01,0.04,0.15,0.03,0.04,0.03,0,0.17,0.03,0,0.08
"201601","20160107","1*0*0*2*3*0*9*0*0*0*",956861.3125,1954423,"27230",0,0,0.01,0,0,0,0,0,0.01,0,0,0,0.02,0,0,0,0.01,0,0,0.01,0,1.12,0.03,0.1
"201605","20160509","1*0*0*3*2*0*5*0*0*0*",955297.8125,1955408,"41430",0,0.04,0,0,0,0.29,0,0,0,0.02,0,0.01,0.01,0,6.83,0,0.36,0,0,0,0,0.51,0.02,0
"201607","20160711","1*0*0*3*2*0*4*0*0*0*",956274.8125,1954580,"41173",0,0.01,0,0,0,0,0,0.01,0.01,0.01,0.01,0.04,0,0.01,0,0.05,0.03,0.03,0,0,0.05,0,0.01,0
"201512","20151216","1*0*0*2*4*0*1*0*0*0*",960210.6875,1955492,"47290",0,0,0,0,0,0.02,0.03,0,0.04,0,0.02,0,0.13,0,0.03,0.05,0,0,0.25,0.01,0.03,0,0.01,0
"201601","20160120","1*0*0*6*3*0*3*0*0*0*",954756.625,1954680,"29170",0.06,0.09,0,0,0,0,0,0.02,0,0,0,0.04,0.01,0.01,0.03,0,0,0,0,0,0,0,0.06,0
"201509","20150918","1*0*0*4*1*0*6*0*0*0*",956613.125,1957178,"42150",0.02,0.01,0,0,0,0,0,0,0,0.04,0.02,0,0.08,0.03,0.01,0.01,0,0.12,0,0.01,0,0.02,0.01,0
"201603","20160319","1*0*0*3*4*0*2*0*0*0*",960203.625,1954838,"48250",0,0,0,0,0.01,0,0,0,0.01,0,0,0,0,0.01,0,0,0.01,0.02,0,0,0,0,0,0.01
"201604","20160411","1*0*0*4*1*0*0*0*0*0*",954808.8125,1957589,"11710",0,0,0.01,0,0,0,0.05,0.01,0,0,0,0,0.01,0.03,0,0.53,0.25,0.01,0.19,0.13,0,3.44,0,0.01
"201601","20160125","1*0*0*1*1*0*7*0*0*0*",958488.625,1953859,"41650",0,0,0.03,0,0.01,0,0,0,0.17,0,0.05,0.01,0,0.12,0,0,0,0,0.06,0,0.03,0.02,0,0
"201605","20160507","1*0*0*6*2*0*4*0*0*0*",956327.375,1954165,"11305",0,0.2,0,0,0,0,0,0.24,0,0.08,0,0,0,0,0.01,0,0,0.02,0.01,0.01,0.04,0,0,0.01
"201509","20150926","1*0*0*2*3*0*7*0*0*0*",957063.3125,1957281,"43113",0,0,0,0,0,0.2,0.01,0,0,0,0.02,0.03,0.05,0.02,0,0.01,0.04,0.02,0.01,0,0,0,0,0
"201510","20151014","1*0*0*6*4*0*3*0*0*0*",955982.8125,1955742,"41131",0,0,0,0,0,0,0,0,0,0.01,0.02,0.02,0,0,0.05,0.03,0.04,0.01,0,0,0.01,0,0.02,0.02
"201604","20160427","1*0*0*7*3*0*4*0*0*0*",956328,1956006,"11650",0,0,0.01,0,0,0,0.01,0,0.01,0.01,0,0.01,0.03,0.01,0.01,0.68,0.09,0,0.01,0.01,0,0,0,0.02
"201602","20160208","1*0*0*1*1*0*5*0*0*0*",956666.6875,1955195,"45730",0,0,0,0,0,0,0,0,0.01,0,0,0.01,0,0.03,0,0,0.07,0.15,0.06,0,0,0.08,0,0.05
"201601","20160124","1*0*0*3*2*0*5*0*0*0*",960604.375,1955292,"44770",0,0,0,0,0,0,0,0,0.01,0.01,0,0,0.15,0,0,0,0.1,0.04,0,0.02,0.01,0.02,0,0.01
"201603","20160315","1*0*0*1*1*0*7*0*0*0*",955099.375,1955093,"30230",0,0.01,0,0,0,0.01,0,0,0,0,0,0.01,0,0.02,0.01,0,0,0,0.03,0,0,0.01,0.01,0
"201510","20151024","1*0*0*3*3*0*3*0*0*0*",957993.875,1956205,"41117",0,0,0,0,0,0.05,0.06,0.01,0.84,0.1,0,0,0,0.01,0,0,0,0.62,0,0.01,0,0.04,1.38,0.03
"201508","20150825","1*0*0*2*3*0*7*0*0*0*",957944.8125,1958106,"41285",0,0,0,0,0,0,0,0,0.1,0.03,0.01,0,0.02,0.01,0.01,0,5.25,0.02,0,0.41,0,0.23,0,0.01
"201509","20150919","1*0*0*2*3*0*4*0*0*0*",958728.8125,1954926,"46170",0,0,0,0,0.01,0,0,0,0,2.48,0.04,0,0.09,0,0.1,0,0.06,0.01,0.01,0,0.17,0.13,0,0
"201509","20150916","1*0*0*2*4*0*1*0*0*0*",958781.375,1956101,"30230",0.01,0,0.04,0,0,0.01,0,0.08,0.04,0.01,0,0.03,0,0.06,0.01,0.03,0,0.01,0,0,0,0,0,0
"201601","20160103","1*0*0*4*2*0*1*0*0*0*",960111.875,1955189,"48250",0,0,0,0,0,0,0,0,0.02,0.01,0,0.01,0.03,0,0,0.01,0,3.46,0,0.01,0.01,0.02,0.18,0.02
"201605","20160520","1*0*0*4*1*0*9*0*0*0*",958389.5,1956973,"30140",0,0,0,0,0,0,0.02,0,0.01,0.03,0.01,0,0,0.08,0,0.01,0.01,0.02,0.11,0.02,0,0.02,0.02,0.01
"201512","20151221","1*0*0*7*3*0*2*0*0*0*",957006.125,1954322,"41800",0,0,0,0,0,0,0,0,0.01,0.01,0,0,0,0.01,0,0,0.01,0.03,0.02,0,0.07,0.01,0.14,0.08
"201607","20160729","1*0*0*1*4*0*2*0*0*0*",955002.375,1955560,"30140",0,0,0,0,0,0,0.01,0,0.43,0.01,0.01,0.01,0.01,0,0.04,0.01,0.01,0,0.01,0,0.01,0,0,0.01
"201511","20151119","1*0*0*2*3*0*4*0*0*0*",956326.625,1956049,"46720",0.06,0,0,0.01,0,0,0,0.01,0,0.01,0,0,0.02,0,0,0.03,0,0.02,0,0.01,0,0.02,0.02,0
"201512","20151217","1*0*0*2*3*0*5*0*0*0*",960159.6875,1955742,"41360",0,0,0,0,0,0,0,0,0.01,0.03,0.04,0.01,0.08,0.05,0.11,0.01,0,0.01,0.01,5.56,0,0.01,0,0.03
"201512","20151230","1*0*0*1*3*0*2*0*0*0*",954707,1955501,"46110",0.01,0,0,0,0,0,0,0,0.07,0,0,0.13,0,0,0.01,0,0,0.01,0.11,0.01,0.41,0,0.01,0
"201605","20160506","1*0*0*2*1*0*3*0*0*0*",954953.125,1957335,"41271",0,0,0.02,0,0,0,0,0.04,0,0,0,0.01,0,0,0.04,0,0,0.01,0.26,0,0.03,0.03,0.01,0
"201601","20160102","1*0*0*1*1*0*1*0*0*0*",958586.875,1955295,"46170",0.04,0.11,0,0,0,0,0,0,0.01,0,0.03,0.01,0,0.02,0.03,0,0,0,0.01,0,0,0,0,0
"201602","20160211","1*0*0*1*1*0*1*0*0*0*",955641.125,1955080,"11500",0.01,0.02,0,0,0.01,0,0,0,0,0.12,0.01,0,0,0.01,0.02,0,0.04,0,0,0,0,0,0,0
"201512","20151218","1*0*0*1*1*0*9*0*0*0*",956664.8125,1954933,"47730",0,0.01,0,0,0,0,0,0.08,0.02,0.03,0,0.01,0,0.01,0,0,0,0.01,1.41,0,0.01,0.02,0,0.01
"201601","20160105","1*0*0*2*3*0*1*0*0*0*",958190.8125,1957949,"48220",0,0.05,0,0,0,0,0,0,0.31,0.46,0,0,0.02,0.07,0.15,0.01,0.02,0,0.02,0.01,0,0.01,0.04,0.02
"201606","20160617","1*0*0*1*1*0*5*0*0*0*",957648.1875,1955745,"42770",0,0,0,0,0,0,0,0,0,0,0,0.02,0.06,0,0.06,0.19,0.02,0,0,0.01,0.01,0,0,0
"201603","20160326","1*0*0*3*2*0*5*0*0*0*",957254.375,1954220,"43730",0,0,0.03,0.01,0,0,0.01,0,0,0.14,0.01,0,0.02,0.02,0.02,0.01,0.31,0.18,0.06,0.03,0,0.01,0,0
"201605","20160508","1*0*0*7*4*0*5*0*0*0*",956662.6875,1955353,"28200",0,0.02,0,0,0,0.01,0,0,0,0,0.06,0,0,0,0,0.07,0,0.03,0,0.03,0.04,0,0,0
"201508","20150815","1*0*0*1*1*0*7*0*0*0*",957204.875,1954165,"29155",0,0,0,0,0,0,0,0,0,0.13,0,0,0.12,0.01,0.05,0,0.03,0.26,0.01,0.01,0.02,0.01,0,0.01
"201509","20150913","1*0*0*7*2*0*8*0*0*0*",957406.375,1954774,"43150",0,0,0,0.04,0,0,0,0,0,0,0.11,0,0,0.05,0,0,0.01,0.01,0,0,0.02,0,0,0.01
"201607","20160727","1*0*0*2*1*0*8*0*0*0*",956325.3125,1957334,"47130",0,0,0,0,0,0.02,0,0,0,0,0,0.7,0,0.02,0.02,0.01,0,0.07,0.68,0.03,0,0.03,0,0.17
"201607","20160713","1*0*0*3*4*0*2*0*0*0*",957205.375,1955848,"48890",0.01,0,0.01,0,0,0,0,0,0.01,0,0.02,0,0,0,0,0.01,0,0.01,0,0.02,0.01,0,0.26,0
"201601","20160121","1*0*0*7*4*0*4*0*0*0*",960158.1875,1956667,"28185",0.03,0,0,0,0.16,0,0,0.06,0,0.06,0.02,0.03,0,0,0.03,0.04,0.1,0.02,0,0,0,0,0,0
"201509","20150922","1*0*0*1*2*0*6*0*0*0*",960749.8125,1957849,"26710",0.01,0,0,0,0,0,0,0,0.68,0.07,0.05,0,0.02,0.01,0,0.03,0.07,0,0,0,0.01,0.06,0,0
"201601","20160114","1*0*0*4*1*0*6*0*0*0*",957355.375,1954782,"31140",0.01,0.01,0,0,0,0,0.01,0,0,0.04,0.1,0.01,0.01,0.04,0.1,0.01,0.1,0,0.02,0,0.02,0.01,0.02,0
"201603","20160314","1*0*0*4*1*0*5*0*0*0*",954951.6875,1954629,"41135",0,0,0,0,0,0,0,0.09,0.03,0.48,0,0,0,0.06,0,0.02,0.03,0.01,0.01,0.11,0,0,0.33,0.02
"201511","20151103","1*0*0*2*3*0*4*0*0*0*",957403.6875,1954580,"11380",0,0,0,0,0,0,0,0,0.01,0,0,0,0.03,0,0,0.01,0.03,0,0.02,0,0.11,0.07,0,0
"201607","20160707","1*0*0*1*1*0*7*0*0*0*",956713.3125,1957696,"47111",0,0,0,0,0,0,0,0,0,0,0,0,0.01,0,0,0,0.05,0,0.09,0.01,0,0,0,0.01
"201512","20151203","1*0*0*3*3*0*5*0*0*0*",958734.125,1955132,"26380",0.03,0,0,0,0,0,0,0.02,0,0.02,0.09,0,0,0.32,0,0,0.01,0,0.01,0.06,0.01,0.01,0,0.01
"201602","20160213","1*0*0*8*2*0*1*0*0*0*",957009,1957796,"41390",0.01,0,0,0,0.03,0,0,0,0,0,0.04,0.03,0,0,0.02,0.06,0,0.04,0,0,0,0.01,0.01,0
"201602","20160229","1*0*0*7*3*0*9*0*0*0*",956619.3125,1957692,"41370",0.01,0,0.01,0,0,0.01,0,0.04,0,0.14,0,0,0.02,0.11,0,0,0.01,0.01,0.65,0.01,0,0,0,0
"201511","20151101","1*0*0*8*2*0*6*0*0*0*",957601.1875,1955449,"47760",0,0,0,0,0,0.2,0,0,0,0.06,0.05,0.02,0.01,0.05,0,0.01,0,0.02,0.01,0.01,0,0,0.02,0.15
"201601","20160131","1*0*0*7*3*0*7*0*0*0*",956566.1875,1954936,"44760",0,0,0,0,0,0,0,0,0,0.14,0.05,0,0,0.01,0.26,0.02,0.01,0,0.01,0,0.01,0.07,0.01,0.01
"201605","20160528","1*0*0*2*3*0*7*0*0*0*",955983.625,1957235,"43740",0,0,0,0,0,0,0.01,0.01,0.03,0,0.01,0,0,0.01,0.08,0.01,0,0.03,0.3,0,0.91,0,0,0
"201603","20160329","1*0*0*2*3*0*3*0*0*0*",955886.875,1955537,"26710",0,0.01,0,0,0,0,0,0,0,0,0.03,0.1,0.03,0.07,0.02,0,0,0,0.01,0,0,0,0,0
"201512","20151213","1*0*0*2*1*0*7*0*0*0*",956911.125,1954014,"26440",0,0.02,0,0,0,0,0.03,0,0.01,0,0.03,0.01,0.01,0.01,0.15,0.07,0.02,0,0.05,0.36,0.02,0,0,0.04
"201604","20160402","1*0*0*1*1*0*4*0*0*0*",957454.625,1953653,"26140",0,0.01,0.04,0,0,0,0,0,0,0.02,0.01,0,8.39,0.02,0,0.01,0.12,0.03,0.02,0,0,0.02,0.04,0
"201606","20160617","1*0*0*1*1*0*6*0*0*0*",960018.8125,1957850,"45740",0.03,0,0,0,0,0,0,0,0.02,0.02,0,0,0,0,0.04,0.04,0,0,0.05,0.01,0.04,0.01,0,0
"201508","20150821","1*0*0*4*2*0*2*0*0*0*",957205.875,1954732,"44230",0.07,0,0.02,0,0,0,0,0,0.04,0.02,0,0.01,0.01,0,0.06,0.01,0.02,3.81,0.01,0.01,0.02,0,0,0
"201604","20160425","1*0*0*3*4*0*6*0*0*0*",960409.3125,1957078,"48880",0.01,0,0,0,0,0,0,0,0,0.01,0.01,0.07,0.1,0.03,0,0.01,0.11,0.13,0.01,0.02,0,0.12,0,0.01
"201601","20160114","1*0*0*6*2*0*1*0*0*0*",957450.875,1955544,"11230",0.01,0,0,0,0,0,0,0,0.01,0.04,0.03,0,0.49,0.14,0.01,0.02,0.01,0,0,0.01,0.01,0.04,0.01,0.03
"201509","20150902","1*0*0*2*1*0*6*0*0*0*",960899.8125,1955392,"27140",0,0.01,0,0,0,0,0,0,0.22,0.06,0,0,0,0,0.04,0.1,0.01,0.01,0.01,0.09,0.09,0,0,0
"201508","20150819","1*0*0*6*4*0*5*0*0*0*",958777.8125,1956006,"11650",0.01,0,0,0,0,0.01,0.01,0,0.01,0.01,0.01,0.01,0.27,0.08,0.04,0.01,0.01,0.02,0,0.02,0,0,0.03,0.03
"201607","20160725","1*0*0*8*2*0*5*0*0*0*",961142.5,1955955,"47280",0,0.01,0,0,0,0,0.01,0,0,0,0.01,0,0.01,0.07,0.01,0.01,0,0.01,0.03,0.03,0,0.02,0.01,0.11
"201512","20151225","1*0*0*7*3*0*4*0*0*0*",957844.875,1954932,"47210",0,0.02,0,0,0,0,0,0,0.01,0,0,0.03,0,0,0,0,0.03,0,0,0,0.02,0,0,0.01
"201509","20150927","1*0*0*1*2*0*7*0*0*0*",960653.875,1954526,"28110",0.01,0,0,0,0,0,0,0,0,0.01,0,0,0.04,0.03,0,0.01,0.01,0.02,0.01,0,0.01,0,0.01,0
"201603","20160315","1*0*0*4*1*0*0*0*0*0*",959474.375,1955043,"26170",0,0,0,0,0,0,0,0,0,0,0.01,0,0.01,0.01,0.01,0.05,0.01,0.01,0,0,0,0.01,0.02,0
"201602","20160206","1*0*0*2*3*0*7*0*0*0*",960057.125,1954894,"26170",0,0,0,0,0,0.01,0,0.09,0,0,0,0.04,0.01,0,0,0,0,0,0,0.04,0.03,0.01,0.03,0
"201607","20160716","1*0*0*8*2*0*0*0*0*0*",956913.5,1957279,"26530",0.01,0.01,0,0,0,0,0,0.42,0.02,0,0,0.02,0,0.26,0,0,0.01,0,0,0.01,0.16,0.02,0,0.01
"201508","20150813","1*0*0*2*3*0*5*0*0*0*",960456.625,1954983,"11545",0.01,0,0,0,0,0,0,0,0,0.01,0.01,0.01,0.02,0.03,0.02,0.01,0.01,0.01,0.02,0.02,0.01,0,0.01,0
"201607","20160710","1*0*0*1*1*0*8*0*0*0*",956567.8125,1955253,"27110",0,0,0,0,0,0,0,0,0.02,0,0,0,0.01,0,0,0,0.01,0.01,0.02,0.1,0.08,0.01,0.1,0.01
"201604","20160403","1*0*0*1*1*0*4*0*0*0*",957798.375,1954012,"41135",0,0,0,0,0,0,0,0,0.01,0,0,0,0,0.01,0.01,0,0.02,0,0.03,0.01,0.04,0.01,0.2,0.01
"201509","20150913","1*0*0*8*1*0*5*0*0*0*",957551.6875,1957329,"47150",0,0,0,0,0.01,0,0,0.02,0,0.03,0.01,0,0.17,0.03,0.01,0,0,0,0.01,0.01,0.01,0.01,0,0
"201606","20160615","1*0*0*4*1*0*0*0*0*0*",956228.625,1957639,"45710",0,0,0,0,0,0,0.01,0,0,0.03,0.01,0,0,0,0.01,0.02,0,0.01,0.01,0.03,0,11.69,0,0.01
"201601","20160125","1*0*0*2*1*0*6*0*0*0*",956519.625,1955353,"26500",0,0,0,0,0,0,0.01,0,0.08,0,0,0.31,0,0,0,0.02,0.6,0,0.01,0.01,0,0.01,0,0
"201607","20160704","1*0*0*2*4*0*2*0*0*0*",959915.3125,1955694,"41590",0,0.01,0,0,0.02,0,0,0,0,0.06,0.02,0,0,0.01,0,0.03,0.01,0,0.01,0.01,0.01,0,0,0
"201606","20160627","1*0*0*3*1*0*5*0*0*0*",956032.3125,1955346,"11260",0.01,0,0,0,0,0,0,0,0,0,0.01,0.06,0.06,0.02,0.01,0,0,0.05,0,0.03,0,0,0.01,0
"201601","20160127","1*0*0*2*3*0*4*0*0*0*",960113.625,1955751,"48125",0,0,0.01,0,0,0,0.01,0.08,0,0.01,0.04,0.27,0,0,0.01,0.01,4.55,14.13,0.02,0.17,0,0.03,0.01,0
"201512","20151216","1*0*0*4*1*0*2*0*0*0*",956374,1957077,"28110",0.01,0,0,0,0,0.02,0,0,0.05,0,0.06,0,0,0.17,0,0,0.03,0.01,0,0.01,0,0,0,0.01
"201607","20160720","1*0*0*2*3*0*8*0*0*0*",954267.625,1957644,"42790",0.01,0,0,0,0.02,0,0,0.02,0.01,0,0,0.01,0,0,0.05,0,0,0.41,0,0.17,0.02,0.13,0.02,0
"201602","20160211","1*0*0*7*2*0*8*0*0*0*",957353.125,1955087,"41113",0,0,0,0,0,0,0,0.01,0.02,0.01,0.01,0,0.01,0.02,0,0,0.01,0.24,0,0,0.03,0,0.06,0
"201602","20160222","1*0*0*4*2*0*7*0*0*0*",957357.3125,1955355,"29170",0,0.03,0,0,0.05,0,0,0,0.81,0.01,0,0.01,0,0.01,0,0.05,0,0.05,0.06,0.03,0.07,0,0,0
"201509","20150911","1*0*0*3*3*0*2*0*0*0*",958830.375,1954523,"30110",0,0,0,0,0.01,0,0.01,0.07,0,0,0.05,0.01,0,0.01,0.01,0,0,0.02,0.01,0.01,0.04,0,0,0.01
"201601","20160117","1*0*0*3*3*0*1*0*0*0*",957058.8125,1957745,"11230",0,0,0,0,0,0,0,0,0,0.02,0.01,0.02,0.01,0.04,0,0,0,0,0.02,0,0.01,0.04,0,0
"201607","20160718","1*0*0*7*1*0*6*0*0*0*",961142.3125,1955818,"11215",0,0,0.01,0,0,0,0,0.01,0,0.1,0.01,0.08,0,0,0.08,0,0,0,0,0,0,0,0,0
"201508","20150801","1*0*0*6*3*0*6*0*0*0*",960508.625,1957438,"11560",0.01,0,0.07,0,0,0,0,0,0,0.01,0.01,0.01,0.01,0,0.01,0,0.08,0.01,0,0.03,0,0.03,0,0.01
"201604","20160402","1*0*0*1*2*0*7*0*0*0*",958585.375,1955046,"28140",0,0,0,0,0,0,0,0,0.04,0.01,0,0.01,0,0.01,0.01,0,0,0,0,0,0.01,0.02,0,0
"201607","20160703","1*0*0*2*4*0*1*0*0*0*",958875.625,1957796,"11440",0,0,0.1,0,0,0,0,0,0,0.01,0.01,0.02,0,0,0.41,0.1,0.06,0.06,0.52,0.05,0.03,0,0,0
"201508","20150821","1*0*0*7*1*0*4*0*0*0*",959378.125,1955035,"41370",0.01,0,0,0,0,0,0,0.03,0,0.01,0.08,0,0.01,0,0,0.01,0.01,0.01,0,0.01,0,0.01,0,0
"201509","20150916","1*0*0*2*3*0*0*0*0*0*",956861.625,1954420,"42190",0.02,0,0,0,0,0,0.04,0,0,0,0.01,0.04,0.05,0.07,0,3.82,0.03,0,0,0,1.51,0,0,0
"201508","20150818","1*0*0*7*3*0*9*0*0*0*",960167.3125,1957849,"11200",0,0,0,0,0,0.01,0,0.04,0.01,0.01,0.06,0.03,0.03,0,0,0,0,0.02,0.4,0,0,0.03,0,0
"201607","20160725","1*0*0*3*2*0*2*0*0*0*",954513.875,1954825,"48121",0.01,0.01,0,0,0,0,0.02,0,0,0.03,0.01,0,0.01,0.57,0.01,0.01,0.03,0,0,0,0.01,0.14,0.02,0.01
"201510","20151007","1*0*0*3*2*0*1*0*0*0*",957257.125,1957279,"42130",0.03,0.01,0,0,0,0,0,0,0,0.01,0.01,0.16,0,0.01,0.01,0,5.25,0,0.01,0,0.05,0,0,0
"201511","20151111","1*0*0*1*4*0*2*0*0*0*",956912.6875,1954936,"41113",0,0,0,0,0,0,0,0.01,0.01,0.06,0.11,0.05,0,0.03,0.02,0.01,0.01,0.07,0.03,0,0.12,0.01,0.02,0.09
"201508","20150804","1*0*0*1*1*0*9*0*0*0*",954707.625,1954734,"43730",0.01,0.02,0,0,0.01,0,0,0,0.01,0,0.1,0.01,0,0,0,0.01,0,0,0,0.01,0.02,0,0,0
"201603","20160319","1*0*0*1*2*0*2*0*0*0*",958781.125,1954372,"48890",0,0,0,0,0,0,0,0,0,0.12,0,0.01,0,0,0,0.78,0,0,0.02,0,0.28,0.02,0,0.12
"201512","20151206","1*0*0*8*3*0*1*0*0*0*",957993.3125,1954220,"27290",0.01,0,0,0,0,0,0,0,0.01,0,0,0.01,0.01,0.91,0,0.01,0,0,0.02,0.06,0.03,0.04,0,0
"201512","20151218","1*0*0*1*1*0*7*0*0*0*",957209.125,1954834,"43750",0,0,0,0,0,0,0.02,0,0,0.02,0.02,0.02,0.01,0,0,0,0.01,0,0.02,0.02,0.03,0.06,0,0.31
"201602","20160203","1*0*0*2*3*0*4*0*0*0*",959970.3125,1956767,"29170",0,0.59,1.08,0,0,0,0,0,0,0.11,0,0.01,0,0.03,0.27,0.01,0,0,0,0.07,0.01,0,0,0
"201509","20150925","1*0*0*3*3*0*3*0*0*0*",956812.375,1955398,"28710",0.04,0,0,0,0,0,0,0,0.01,0,0,0.06,0.01,0,0,0,0,0.2,0,6.12,0,0,0,0
"201605","20160526","1*0*0*1*1*0*3*0*0*0*",957155.3125,1958104,"41290",0.01,0,0,0,0,0,0,0,0.01,0,0,0.01,0.01,0,0.01,0.16,0.01,0,0.03,0.31,0.01,0.01,0.01,0.15
"201512","20151212","1*0*0*1*1*0*7*0*0*0*",956470.8125,1957641,"11320",0,0,0,0.01,0,0.01,0,0,0,0.01,0.01,0,0.01,0.01,0,0,0.99,0,0.02,0,0.26,0,0.01,0
"201607","20160728","1*0*0*1*2*0*5*0*0*0*",959964.8125,1957133,"28237",0,0,0,0.06,0,0,0,0.03,0,0.01,0,0.07,13.6,0,0,0.24,0.04,0,0.01,0.06,0,0.04,0,0
"201601","20160110","1*0*0*7*4*0*2*0*0*0*",955982.1875,1954885,"41195",0,0,0,0,0,0,0,0,0,0,0.01,0.01,0,0,0.04,0.06,0.01,0.03,0,0.1,0.13,0,0.03,0
"201602","20160225","1*0*0*3*4*0*6*0*0*0*",957749.375,1957028,"31200",0,0,0,0,0,0,0,0,0,0,0,0,0.22,0,0,0.04,0,0,0.01,0,6.94,0.02,0.02,0.06
"201508","20150828","1*0*0*1*1*0*2*0*0*0*",955248.5,1954217,"43745",0,0.01,0.01,0,0.01,0,0,0,0,0.01,0.01,0,0,0,0,0,0,0.02,1.86,0,0.02,0,0.01,0
"201606","20160619","1*0*0*6*4*0*2*0*0*0*",961095.3125,1956770,"47170",0.07,0,0,0,0,0,0,0,0,0.01,0.01,0,0.06,0.01,0,0.15,0,0.02,0.01,0,0,0,0,0
"201607","20160705","1*0*0*2*1*0*9*0*0*0*",958632.875,1955345,"11140",0,0,0,0,0,0,0.01,0,0,0,0,1.86,0,0.03,0.01,0,0,0,0,0.01,0.02,0.02,0,0
"201602","20160223","1*0*0*3*1*0*5*0*0*0*",958487.3125,1953809,"44210",0,0,0,0,0,0,0.02,0.03,0.02,0,0.01,0.02,0.15,0,0.03,0,0.01,0,0.03,0,0,0.03,0.01,0.04
"201604","20160420","1*0*0*3*3*0*5*0*0*0*",960508.625,1958052,"27140",0.01,0,0.01,0,0,0,0,0.01,0.47,0,0,0,0,0.01,0,0,0,0,0,0.01,0,0,0,0.47
"201605","20160519","1*0*0*7*3*0*5*0*0*0*",957110.8125,1954320,"47113",0,0,0,0.01,0,0,0,0.1,0.01,0.09,0,0,0.04,0,0.01,0,0.03,0.01,0,0.04,0.02,0.09,0.02,0
"201606","20160619","1*0*0*8*1*0*9*0*0*0*",957259.8125,1955286,"48220",0,0,0,0,0.01,0,0.01,0,0.01,0.02,0.01,0.02,0.01,0,0,0.11,0,0,0.01,0.01,0.01,0.01,0,0.03
"201601","20160106","1*0*0*3*1*0*2*0*0*0*",960605.125,1955195,"42830",0.01,0,0,0,0,0,0,0,0.01,0.01,0,0.01,0.04,0,0.01,0,0,0,0.09,0,0,0.07,0,0.01
"201510","20151022","1*0*0*4*2*0*2*0*0*0*",958682.6875,1957133,"45210",0.01,0.01,0.01,0,0,0,0.01,0.01,0.02,0.04,0,0.23,0.01,0.01,0.02,0.01,0.02,0,0,0.03,0,0.01,0.01,0.02
"201604","20160407","1*0*0*7*3*0*5*0*0*0*",956079.5,1955346,"41730",0.03,0,0,0,0,0,0,0,0,0.13,0.03,0.27,0.01,0,0,0.02,0.06,0.01,0,0.15,0.01,0,0,0.04
"201603","20160327","1*0*0*2*2*0*1*0*0*0*",956424.125,1958104,"41281",0,0,0.04,0,0,0,0,0,0,0,0,0.01,0.01,0.01,0,0.04,0.36,0,0.14,0.01,0.01,0.01,0.03,0
"201605","20160528","1*0*0*6*2*0*2*0*0*0*",956566.8125,1956822,"44800",0.07,0,0,0,0,0,0,0,0,0.01,0.02,0,0,0.01,0,0.01,0.07,0,0.01,0.01,0,0,0.01,0
"201510","20151002","1*0*0*8*2*0*8*0*0*0*",959671.875,1954065,"44270",0,0.04,0,0,0,0,0.02,0,0,0.02,0.01,0.01,0,4.37,0,0,0.01,0.03,0,0.05,0.01,0.11,0,0
"201511","20151117","1*0*0*2*3*0*4*0*0*0*",958586.375,1957488,"42230",0,0,0,0,0,0,0,0,0.02,0,0.01,0,0.01,0,0.08,0.03,0.04,0,0,0.01,0.07,0,0,0
"201603","20160321","1*0*0*2*3*0*7*0*0*0*",957159.5,1955386,"46870",0,0.01,0,0,0,0,0,0,0,0,0.03,0.01,0.01,0.07,0,0.01,0,0,0.02,0.04,0,0,0,0.06
"201603","20160309","1*0*0*8*2*0*2*0*0*0*",958337.1875,1955089,"42810",0.11,0,0,0,0,0,0,0,0,0,0,0.15,0.06,0.02,0,0,0.05,0.01,0,0,0,0,0.04,0.01
"201605","20160524","1*0*0*1*1*0*8*0*0*0*",960314.6875,1954065,"30170",0,0,0.01,0,0,0.03,0,0,0.01,0.01,0.04,0.37,0.1,0,0,0.03,0.35,0.01,0.07,0,0,0.04,0,0
"201606","20160629","1*0*0*6*2*0*8*0*0*0*",960898.625,1954625,"42210",0,0,0,0,0,0,0.01,0,0,0.05,0.82,0.11,0.14,0,0.01,0.01,0,0,0.04,0,0.02,0.01,0,0.02
"201512","20151216","1*0*0*6*2*0*4*0*0*0*",957258.125,1955292,"48250",0,0.02,0.02,0,0.29,0,0,0,0,0,0.02,0,0,0,0.02,0,0.14,0,0.04,0.04,0,0.02,0,0
"201509","20150910","1*0*0*2*3*0*4*0*0*0*",955982.1875,1957080,"11305",0,0.02,0.01,0,0,0,0,0,0.56,0.01,0,0,0,0,0.02,0.01,0,0,0,0,0.01,0,0.05,0
"201606","20160603","1*0*0*7*3*0*8*0*0*0*",960947.125,1954627,"11290",0,0,0,0,0,0,0,0,0,0,0,0,0,0,0,0.04,0.22,0.14,0,0.05,0,0.25,0,0.01
"201508","20150826","1*0*0*1*1*0*5*0*0*0*",957055.625,1954979,"48730",0,0,0,0,0.01,0,0,0.01,0,0,0.01,0,0.01,5.68,0.01,0,0,0.04,0.01,0,0,0,0,0
"201606","20160609","1*0*0*8*3*0*1*0*0*0*",960899.8125,1955236,"47250",0,0,0,0,0,0.01,0,0,0.07,0,0,0.01,0.01,0.01,0.03,0.01,0.01,0,0.04,0,0,0.06,0,0
"201602","20160228","1*0*0*1*2*0*7*0*0*0*",960263.375,1957588,"48240",0,0,0,0,0,0,0.05,0.03,0.08,0.11,0.14,0.02,0.01,0,0,0.03,0.04,0,0,7.63,0,0,0.15,0
"201512","20151208","1*0*0*2*1*0*7*0*0*0*",959670.875,1955594,"48330",0.01,0,0,0,0.01,0,0,0.02,0.16,0.01,0.37,0.01,0,0.01,0,0.12,0.06,0,0,0,0,0.02,0.01,0
"201603","20160315","1*0*0*1*2*0*2*0*0*0*",954512.5,1954219,"30110",0.01,0,0,0,0.12,0,0,0.03,0,0.1,0,0.12,0.02,0.01,0.01,0.03,0,0,0.01,0.01,0,0.01,0.02,0
"201605","20160513","1*0*0*3*1*0*2*0*0*0*",957794.8125,1954014,"44825",0,0.16,0,0,0,0.01,0,0,0,0.01,0,0.04,0.01,0.01,0,0.01,0.06,0.02,0,0.01,0,0.02,0,0
"201512","20151226","1*0*0*3*3*0*4*0*0*0*",956129.625,1957281,"42130",0.01,0,0,0,0,0,0,0,0,0,0,0,0.31,0.3,0,0.01,0.04,0.03,0,0,0,0.18,0.07,0
"201604","20160428","1*0*0*2*3*7*1*0*0*0*",954608.875,1957535,"41197",0,0.01,0,0,0,0,0,0.01,0.02,0.18,0.04,0,0.03,0.03,0,0,0.02,0.01,0.01,0.02,0.01,0,0,0.1
"201510","20151006","1*0*0*1*3*0*2*0*0*0*",959916.375,1955147,"11560",0,0,0,0,0,0,0,0,0,0,0,0.01,0.49,0,0.01,0,0.32,0.02,0,0,0,0,0.03,0.01
"201512","20151201","1*0*0*2*1*0*3*0*0*0*",959968.8125,1955190,"30170",0,0,0,0,0,0,0.03,0.02,0,0.05,0,0,0.01,0,0.03,0.01,0.01,0,0.08,0,0.05,0.04,0.01,0
"201510","20151021","1*0*0*1*2*0*3*0*0*0*",960700.3125,1953653,"43150",0,0.01,0,0,0,0.01,0,0,0,0,0,0.65,0.01,0.03,0.05,0.05,1.79,0.05,0.03,0,0.02,0,0.01,0.03
"201511","20151107","1*0*0*8*1*0*4*0*0*0*",956131.8125,1956870,"29155",0,0.01,0,0,0,0,0.21,0,0,0,0.05,0.03,0.3,0,0,0.01,0.01,0,0.02,0.01,0.35,0,0,0.03
"201508","20150815","1*0*0*8*1*0*6*0*0*0*",960159.6875,1957279,"26290",0.02,0,0,0,0,0.01,0,0,0,0,0.01,0.06,0.04,0.01,0.04,0.03,0.05,0,0,0,0.02,0.05,0.03,0
"201511","20151122","1*0*0*1*2*0*7*0*0*0*",960410.3125,1954734,"11305",0,0.01,0.01,0,0.01,0,0,0.09,0,0.01,0.01,0,0.05,0.01,0.02,0.39,0,0.08,0.01,0.24,0,0.02,0,0
"201603","20160321","1*0*0*4*2*0*2*0*0*0*",956032,1955338,"41133",0,0,0,0.07,0,0,0,0,0.02,0.21,0,0,0.04,0.03,0.15,0,0.05,0.01,0.02,0.02,0,0.01,0.01,0
"201606","20160607","1*0*0*1*1*0*7*0*0*0*",957553.8125,1957079,"28140",0,0.04,0,0,0,0,0,0,0,0.01,0.03,0.16,0,0,0,0.02,0.04,0.05,0.02,0.01,0.33,0,0,0.01
"201607","20160727","1*0*0*3*4*0*7*0*0*0*",960155.8125,1957434,"42150",0,0,0,0,0,0,0.01,0,0.28,0.01,0,0.01,0,0,0.75,0.01,0.01,0,0,0.02,0,0,0,0
"201605","20160531","1*0*0*1*1*0*4*0*0*0*",957993.875,1955199,"47113",0,0.01,0,0,0,0,0,0,0.03,0.01,0.03,0.14,0.04,0.02,0.01,0,0.01,0.01,0.01,0.15,0.01,0,0,0.02
"201607","20160707","1*0*0*1*4*3*1*0*0*0*",956568.625,1957641,"45113",0,0,0,0,0,0,0,0.05,0,0.02,0,0.85,0.1,0.03,0,0,0,0,0.07,0.02,0.01,0,0,0
"201508","20150812","1*0*0*3*2*0*3*0*0*0*",957157.875,1954375,"11500",0.03,0,0.01,0,0,0,0.02,0,0,0.01,0.01,0.06,0,0,0.01,0.02,0,0,0.01,0.01,0.01,0.02,0,0
"201601","20160101","1*0*0*6*4*0*2*0*0*0*",956815.875,1957485,"41113",0,0.01,0.06,0,0,0.01,0.01,0,0.01,0,0,0.29,0,0.03,0,0,0.04,9.15,0.06,0,0.01,0,0,0.22
"201605","20160518","1*0*0*7*3*0*5*0*0*0*",956958.3125,1954525,"46170",0,0,0,0,0,0,0,0,0.03,0,0,0,0.08,0.02,0,0,0,0.01,0,0.01,0,0.01,0,0
"201605","20160517","1*0*0*4*1*0*6*0*0*0*",955640.8125,1954837,"26410",0,0,0,0,0,0,0,0,0,0.01,0.05,0,0.01,0.01,0,0,0.01,0,0,0.04,0.03,0,0,0
"201510","20151008","1*0*0*6*4*0*1*0*0*0*",960057.875,1954993,"48870",0,0,0,0,0.04,0,0,0.01,0.02,0.01,0.01,0,0,0,0,0.01,0.03,0.05,0.19,0.03,0.68,0.38,0.02,0
"201508","20150806","1*0*0*8*1*0*7*0*0*0*",956031.5,1955750,"41133",0.04,0.08,0,0,0,0,0.14,0,0,0,0,0,0,0.01,0.01,0.01,0.01,0,0.03,0.04,0.02,0,0.01,0
"201508","20150813","1*0*0*8*2*0*2*0*0*0*",960651.5,1954780,"41210",0.02,0,0,0,0,0,0,0.01,0.02,0,0.06,0,0,0.02,0.11,0.01,0.03,0.01,0.22,0,0.03,0.01,0,0.01
"201603","20160302","1*0*0*3*4*0*5*0*0*0*",956815.875,1957432,"30170",0.05,0,0,0,0,0,0.02,0,0,0,0,0,0,0,0.03,1.1,0.01,0.03,0.06,0,0.06,0.04,0.03,0
"201604","20160401","1*0*0*4*2*0*2*0*0*0*",957406.875,1955249,"41630",0,0,0.2,0,0,0,0,0.08,0,0,0,0.03,0,0,0,0.01,0,0.01,0,0.03,0.01,0.01,0.09,0.02
"201601","20160128","1*0*0*8*2*0*3*0*0*0*",958685.625,1955150,"30230",0,0,0.01,0,0.01,0,0,0,0,0,1.1,0.02,0.04,0.01,0,0.01,0.03,0,0.01,0.03,0,0.01,0.01,0.01
"201508","20150806","1*0*0*8*1*0*1*0*0*0*",960113.1875,1955649,"45710",0,0,0,0,0,0,0,0,0,0,0.04,0.96,0.21,0,0,0,0,0,0,0,0.01,0.03,0.02,0
"201509","20150912","1*0*0*1*1*0*5*0*0*0*",960055.6875,1954837,"48270",0,0,0,0.03,0,0,0,0,0,0.01,0,0.01,0.01,0,0,0.03,0.02,0.01,0.06,0.55,0.07,0,0,0.02
"201508","20150827","1*0*0*4*2*0*2*0*0*0*",960160.375,1957641,"27290",0.01,0,0,0,0,0,0.02,0,0.02,0.04,0.28,0.02,0,0,0,0.01,0,0.01,0,0,0,0.03,0.02,0
"201607","20160707","1*0*0*8*3*0*1*0*0*0*",961142.3125,1954888,"41285",0,0,0,0,0,0,0.09,0,0,0,0,0.02,0,0.59,0.01,0.04,0,0,0.02,0.01,0,0,0,0
"201605","20160516","1*0*0*4*2*0*2*0*0*0*",957553.8125,1954319,"11260",0.03,0,0,0,0,0.02,0,0,0.01,0.03,0.08,0,0,0.02,0,0.02,0.01,0.01,0,0,0,0,0,0.01
"201601","20160118","1*0*0*6*4*0*7*0*0*0*",957112.375,1957337,"47820",0,0.04,0,0,0,0,0.55,0.03,0.08,0.1,0,0,0.2,0.38,0.04,0.02,0.02,0.34,0.68,0.01,0.01,0.1,0.01,0.01
"201512","20151218","1*0*0*8*2*0*1*0*0*0*",959970.5,1954677,"11380",0,0,0.15,0,0,0,0,0,0.02,0.01,0.03,0.02,0.01,0,0.01,0,0.02,0.03,0.03,0.01,0.13,0.03,0.01,0.07
"201601","20160126","1*0*0*3*4*0*7*0*0*0*",961044.875,1956109,"42750",0,0,0,0,0,0,0,0.31,0,2.92,0,0,0,6.45,0.53,0,0.01,0.01,0.04,0,0,0.1,0,0
"201604","20160410","1*0*0*1*4*3*2*0*0*0*",959819.875,1954941,"11740",0.08,0,0,0,0.01,0,0,0,0.01,0.01,0.01,0,0,0.01,0.02,0.15,0.03,0,0.05,0,0,0,0,0
"201606","20160625","1*0*0*1*1*0*5*0*0*0*",960409.8125,1956922,"42820",0,0,0,0,0,0,0,0,0,0.16,0.08,0,0.01,0,0.02,0.13,0,0.03,0.05,0,0.01,0.07,0.05,0
"201508","20150828","1*0*0*2*2*0*1*0*0*0*",957503.625,1957280,"42790",0,0,0.01,0,0,0,0.03,0,0.02,0,0.01,0.01,0.03,1.2,0,0.02,0.04,0.02,0,0,0.01,0,0,0
"201602","20160222","1*0*0*1*2*0*5*0*0*0*",960311.3125,1955904,"42130",0,0,0,0,0,0,0,0.01,0,0,0.01,0.24,0.01,0.1,0,0,0,0.01,0.03,0,0,0.01,0,0
"201602","20160211","1*0*0*6*2*0*2*0*0*0*",956516.125,1955191,"42210",0.01,0,0,0,0,0,0.01,0.01,0,0.03,1.16,0.04,0,0.01,0.12,0,0.01,0,0.11,0.01,0.07,0,0.01,0
"201604","20160422","1*0*0*6*2*0*0*0*0*0*",959920.6875,1957175,"11410",0,0.01,0,0,0,0.01,0,0,0,0,0,0,0.1,0.03,0.11,0.03,0.09,0,0,0.06,0,0.34,0,0.02
"201509","20150910","1*0*0*6*3*0*5*0*0*0*",956712.3125,1955443,"41210",0,0,0.14,0.01,0,0,0.03,0.01,0,0.06,0,0.06,0.02,0.01,0,0.01,0.04,0,0.04,0,0.01,0,0,0.2
"201509","20150909","1*0*0*1*2*0*7*0*0*0*",957304.625,1956204,"42210",0,0,0.01,0,0,0,0,0,0,0,0.08,0.04,0,0,0.03,0.02,0.1,0,0,1.72,0.08,0.02,0,0
"201510","20151014","1*0*0*8*2*0*2*0*0*0*",955541.375,1956925,"26110",0.01,0.01,0,0,0,0,0,0,0,0.01,0.25,0.21,1.92,0.01,0.01,0,0,0.01,0.01,0,0,0.04,0,0.03
"201606","20160611","1*0*0*2*3*0*4*0*0*0*",958489.375,1957277,"46130",0,0,0,0,0,0,0,0.01,0.03,0.01,0,0.01,0.01,0,0.02,0.01,0.01,0,0,0,3.06,0.01,0.02,0.01
"201606","20160611","1*0*0*4*2*0*0*0*0*0*",957058.3125,1957281,"46840",0,0,0,0,0,0,0,0,0,0,0.07,0,0.02,0,0.01,0,0.01,0.8,0,0,0.01,0.01,0,0.01
"201606","20160610","1*0*0*2*1*0*7*0*0*0*",960212.875,1955899,"41360",0,0,0,0,0,0,0.01,0,0.02,0.17,0,0.05,1.38,0,0.05,0,0.08,0,0.04,0.01,0.01,0,0,0.01
"201512","20151211","1*0*0*3*4*0*7*0*0*0*",957257.875,1953551,"43130",0,0,0,0,0,0,0,0.07,0.02,0,0,0.01,0.01,0,0,0.01,0,0.06,0.01,0.01,0,0.01,0.02,0
"201508","20150821","1*0*0*1*1*0*7*0*0*0*",960258,1957694,"43111",0,0.05,0.01,0,0,0,0,0,0,0,0.03,0.01,0,0,0.04,0.01,0.23,0,0,0.27,0.02,0,0,0.04
"201605","20160518","1*0*0*2*3*0*7*0*0*0*",957600.375,1955596,"26260",0.01,0,0.01,0.01,0,0.01,0.01,0,0,0.07,0.01,0,0.04,0,0.22,0,0.06,0.01,0.31,0.08,0,0.01,2.68,0
"201606","20160603","1*0*0*1*1*0*5*0*0*0*",958290.375,1955043,"41550",0,0,0.03,0.01,0,0,0,0.01,0.04,0,0.02,0,0,0.01,0.03,0,0.06,0.01,0.01,0,0.01,0,0,0.02
"201605","20160517","1*0*0*4*1*0*7*0*0*0*",958924.625,1956257,"41610",0,0.01,0,0,0,0,0.01,0.02,0,0.01,0,0,0.01,0,0,0.01,0.02,0.02,0.01,0.07,0,0,0,0.01
"201511","20151129","1*0*0*3*4*0*7*0*0*0*",955006.3125,1956923,"11410",0,0,0,0.5,0,0.03,0,0.01,0,0,0.01,0,0.02,0,0,0.01,0,0,0.01,0,0,0.02,0,0
"201601","20160119","1*0*0*6*3*0*5*0*0*0*",956616.8125,1957898,"29170",0.01,0,0.01,0,0,0,0.03,0,0,0.02,0.02,0.01,0.01,0.01,0,0,0,0.37,0.15,0,0,0.1,0.27,0
"201510","20151015","1*0*0*3*1*0*5*0*0*0*",958389.3125,1957028,"41111",0.02,0,0,0.05,0,0.01,0,0,0,0,0.01,0.01,0.02,0.05,0.01,0,0.01,0,0,0,0,0.01,0,0.01
"201603","20160311","1*0*0*8*2*0*8*0*0*0*",956663.5,1955085,"11200",0,0,0,0,0,0,0.04,0.01,0,0,3.69,0.05,0.01,0.02,0.05,0.06,0.1,0,0.01,0.01,0.03,0,0.02,0
"201511","20151126","1*0*0*3*4*0*5*0*0*0*",956424.125,1954632,"46800",0,0,0,0,0.01,0,0.01,0,0.01,0,0,0,0.09,0.11,0,0.01,0.02,0.04,0,0,0.08,0.04,0,0
"201602","20160213","1*0*0*2*3*0*4*0*0*0*",960898.125,1954983,"11410",0,0,0,0.18,0,0,0.01,0,0,0.01,0.01,0.04,0.02,0,0.12,0.01,0.01,0.01,0.01,0.01,0.01,0,0,0
"201511","20151108","1*0*0*3*1*0*5*0*0*0*",956664.3125,1954829,"41463",0,0,0,0,0,0,0,0,0,0.01,0.01,0.01,0.01,0,0,0.01,0.08,0.03,0,0,0.01,0,0.02,0
"201512","20151202","1*0*0*6*4*0*2*0*0*0*",957256.625,1957589,"30140",0,0,0,0,0,0,0.01,0.01,0,0.01,0,0.11,0.02,0,0.01,0.04,0,0,0.09,0.01,0,0,0,0
"201606","20160624","1*0*0*1*3*0*3*0*0*0*",958635.5,1954980,"46170",0,0,0,0,0,0,0,0.01,0,0.04,0.01,0,0.01,0.12,0.03,0,0,0,0,0,0,0,0,0
"201601","20160125","1*0*0*2*4*0*1*0*0*0*",959615.3125,1953755,"46810",0,0,0.01,0,0,0,0.04,0.01,0.01,0,0,0,0.15,0,0,0,0,0.01,0.03,0.01,0,0,0.09,0.01
"201511","20151114","1*0*0*8*2*0*3*0*0*0*",960211.1875,1957743,"31140",0,0,0,0,0.08,0,0,0,0,0.24,0.03,0.13,0,0,0,0.13,0.03,0.04,0,0,0,0,0.01,0
"201510","20151009","1*0*0*6*3*0*3*0*0*0*",960458,1954472,"26530",0,0,0,0,0,0.01,0,0,0,0,0.01,0.01,0.04,0,0,0,0,0,0.47,0.07,0.02,0,0,0
"201607","20160718","1*0*0*7*1*0*6*0*0*0*",956571.875,1955396,"47113",0.12,0.01,0.03,0,0,0,0,0,0,0.01,0.01,0,0.05,0.06,0,0,0.02,0.05,0.03,0,0.01,0.02,0.11,0.02
"201603","20160309","1*0*0*8*3*0*5*0*0*0*",960155,1955253,"44210",0,0,0,0,0,0,0,0,0,0.01,0.17,0,0.05,0.06,0.1,0.02,0.02,0.02,0.75,0.03,0.02,0.01,0,0.23
"201606","20160626","1*0*0*7*2*0*6*0*0*0*",957700.125,1956821,"41171",0,0,0,0,0,0,0,0.01,0.01,0.08,0,0,0,0.02,0.03,0.09,0,0.09,0.07,0.01,0.59,0,0,0.03
"201512","20151217","1*0*0*8*2*0*1*0*0*0*",955836.125,1957231,"48330",0.04,0.01,0,0,0,0,0,0.05,0,0.02,0,0,0.01,0,0,0.01,0,0,0.01,0.01,0.08,0.01,0,0.01
"201601","20160111","1*0*0*2*3*0*7*0*0*0*",956565.125,1957333,"28245",0.03,0,0,0,0,0,0.07,0.01,0,0,0,0.02,0.03,0.1,0,0,0.02,0.01,0.08,0.12,0,0.03,0,0.04
"201606","20160624","1*0*0*6*4*0*4*0*0*0*",957055.875,1957386,"11530",0.04,0,0,0,0.01,0,0,0,0,0.25,0.01,0,0,0,0,0.01,0.18,0.05,0,0.01,0.02,0,0,0.33
"201510","20151031","1*0*0*2*3*0*4*0*0*0*",956816.1875,1957540,"31170",0,0,0,0,0,0,0,0.11,0.01,0,0.07,0.01,0.01,0,0.01,0,0,0,1.15,0,0.08,0.01,0,0.04
"201510","20151013","1*0*0*1*1*0*2*0*0*0*",960158.1875,1958053,"48270",0,0.02,0,0,0,0,0,0,0.03,0,0,0.03,0.02,0.01,0.02,0,0.04,0.01,0,0.01,0,0,0.03,0
"201603","20160309","1*0*0*1*1*0*4*0*0*0*",960155.3125,1955247,"41463",0.02,0,0,0,0,0,0,0,0,0,0,0.03,0,0,0,0.94,0.03,0,0,0.03,0,0.11,0.01,0.02
"201508","20150827","1*0*0*6*4*0*3*0*0*0*",960163.875,1954935,"47111",0,0,0,0,0,0,0,0,0.02,0.02,0,0.01,0,0,0.01,0.01,0.02,0,0.07,0,0,0.01,0.03,0
"201602","20160206","1*0*0*1*2*0*7*0*0*0*",956470.375,1955491,"11560",0.03,0,0,0,0,0,0,0,0,0.11,0,0,0.03,0,0.01,0,0.01,0,0.09,0,0.01,0,0.01,0
"201605","20160517","1*0*0*8*3*0*4*0*0*0*",959377.375,1954733,"41670",0,0.01,0,0,0,0,0,0,0,0.02,0.01,0.01,0,0,0.03,0,0.12,0,0.03,0,1.35,0.06,0.01,0.06
"201509","20150925","1*0*0*3*1*0*2*0*0*0*",956371.625,1957492,"11170",0,0.01,0,0,0,0,0,0,0.01,0.04,0,5.29,0.09,0.01,0,0.03,0,0,0.01,0.12,0.03,0,0,0
"201602","20160201","1*0*0*2*3*0*6*0*0*0*",959919.6875,1955743,"27140",0,0,0,0,0,0,0,0,0.02,0.01,0.21,0.02,0,0,0.01,0.02,0,0.01,0,0.22,0.01,0.05,0,0
"201509","20150923","1*0*0*6*3*0*4*0*0*0*",960751.3125,1954990,"47170",0,0,0,0,0,0,0,0.01,0,0.01,0.11,0,0.01,0.05,0,0,0.01,0,0,0,0.01,0.01,0.01,0.01
"201603","20160301","1*0*0*6*3*0*8*0*0*0*",957154.8125,1954942,"42170",0,0,0,0,0,0,0,0.01,0,0.02,0.03,0,0.04,0.03,0,0.03,0,0,0,0.08,0.11,0.02,0.01,0
"201508","20150817","1*0*0*2*1*0*3*0*0*0*",959615.3125,1955337,"43740",0,0,0.01,0,0,0,0,0,0,0,0.01,0,0.27,0,0.03,0.01,0.01,0.04,0,0.01,0,0,0.01,0
"201603","20160305","1*0*0*3*3*0*5*0*0*0*",955350.375,1954217,"27260",0.01,0.04,0,0,0,0,0,0.01,0,0.05,0.3,0,0,0,0,0.01,0,0.22,0,0.01,0,0,0.01,0
"201604","20160415","1*0*0*2*1*0*3*0*0*0*",957112.6875,1957591,"47210",0,0,0,0,0,0,0.01,0.22,0,0.01,0.02,0.07,0,0.01,0,0.12,0,0.02,0.08,0.07,0.01,0,0,0.01
"201512","20151224","1*0*0*2*3*0*4*0*0*0*",958486.125,1953910,"47900",0,0,0,0,0,0,0.01,0,0.03,0,0.01,0.01,0.04,0.01,0.12,0.07,0.05,0,0,0,0.03,0,0.01,0.07
"201606","20160621","1*0*0*2*1*0*4*0*0*0*",959869.5,1955151,"50130",0,0,0,0,0,0,0,0,0,0.04,0,0,0,0.01,0,0.02,0.05,0.01,0.01,0.03,0.04,0,0.06,0
"201602","20160210","1*0*0*3*4*0*1*0*0*0*",960507.125,1954836,"41370",0,0,0,0,0,1.08,0.04,0,0,0,0.04,0,0.01,0.07,0,0,0.09,0,0,0,0,0,0.18,0.01
"201602","20160219","1*0*0*2*3*0*4*0*0*0*",955983.875,1958155,"41800",0.01,0,0,0,0,0.01,0,0.01,0,0,0.01,0.03,0,0,0.55,0,0,0.05,0,0.01,0,0.05,0,0.25
"201603","20160327","1*0*0*1*1*0*7*0*0*0*",956811.375,1955998,"28245",0.02,0,0,0,0.02,0,0,0,0.01,0.04,0.01,0.04,0.01,0,0,0,0.1,0.23,0.12,0,0.25,0,0.15,0
"201602","20160208","1*0*0*1*1*0*5*0*0*0*",957056.375,1954477,"45790",0.03,0,0,0.01,0,0,0.01,0,0.07,0.01,0.04,0,0.01,0,0.04,0,0,0.01,0.02,0.03,0,0,0,0.02
"201602","20160208","1*0*0*4*1*0*2*0*0*0*",960602.1875,1954581,"31140",0,0,0.01,0,0,0,0,0.02,0.05,0,0.11,0,0,0.09,0.11,0.01,0.03,0.01,0.03,0,0.01,0,0,0
"201607","20160712","1*0*0*7*3*0*1*0*0*0*",955496.125,1954574,"28245",0,0,0.16,0,0.01,0,0,0,0,0.06,0,0.01,0,0,0.2,0.07,0.09,0.05,0.03,1.29,0,0.01,0,0.01
"201606","20160609","1*0*0*6*4*0*4*0*0*0*",960655.6875,1956978,"11530",0,0.01,0,0,0,0,0,0.04,0.11,0,0.01,0,0.37,0.03,0,0,0.07,0,0,0,0,0,0,0
"201603","20160303","1*0*0*7*3*0*4*0*0*0*",956962.8125,1954013,"43111",0,0,0,0,0.22,0,0.02,0,0.08,0,0,0,0.06,0.05,0.01,0,0.04,0,0.01,0.01,0.03,0,0.02,0.02
"201508","20150821","1*0*0*1*1*0*8*0*0*0*",957258.875,1954684,"11230",0,0,0,0,0,0,0,0,0.01,0.03,0.01,0.01,0,4.73,0,0,0.01,0,0.01,0,0,0.03,0,0
"201510","20151022","1*0*0*4*1*0*8*0*0*0*",957649.8125,1955853,"42730",0,0,0,0.01,0.01,0,0,0,0,0.01,0,0.04,0,0,0.05,0.01,0.03,0.01,0.01,0.01,0,0.01,0.02,0.01
"201605","20160516","1*0*0*2*1*0*9*0*0*0*",958535.375,1957383,"47850",0,0,0,0,0,0,0,0.01,0,0,0,0,0.01,0.03,0.02,0,0.74,0.25,0.03,0,0.02,0.01,0.05,0.02
"201604","20160417","1*0*0*6*1*0*2*0*0*0*",956908.375,1955955,"48123",0.13,0,0,0,0,0,0,0,0,0,0,0.03,0.02,0,0.1,0.01,0.02,0.01,5.51,0.02,0.01,0,0,0
"201605","20160504","1*0*0*3*4*0*6*0*0*0*",960104.8125,1957591,"46780",0,0,0,0,0,0.01,0.02,0,0.05,0.02,0.02,0,0,0,0,0,0,0,0.08,0.24,0.01,0.04,0,0
"201606","20160625","1*0*0*4*1*0*6*0*0*0*",959427.375,1957131,"46800",0,0.02,0.01,0,0.01,0,0,0,0.76,0.01,0.03,0,0.02,0.01,0.02,0,0.03,0.01,0,0.04,0,0.03,0.14,0
"201605","20160503","1*0*0*3*2*0*1*0*0*0*",959870.375,1954994,"45140",0,0,0,0.01,0,0,0,0.47,0.1,0,0.01,0,0.14,0,0,0.03,0.23,0.01,0,0.01,0,0,0,0.05
"201509","20150918","1*0*0*2*4*0*1*0*0*0*",956322.8125,1956872,"41273",0,0,0,0,0,0,0,0,0.02,0.01,0,0.01,0.01,0.01,0.01,0.02,0,0.05,0.03,0,0.02,0,0.05,0
"201509","20150919","1*0*0*1*1*0*7*0*0*0*",959376.875,1953961,"43150",0,0,0,0,0,0,0,0,0,0.23,0.02,0.01,0.03,0.04,0,0.01,0.05,0,0.03,0,0.02,0.07,0.01,0.05
"201606","20160624","1*0*0*2*4*0*1*0*0*0*",957747.3125,1954890,"48890",0,0.01,0.03,0,0,0,0,0,0,0.01,0,0,0,0,0,0,0,0,0.01,0,0.01,0.01,0,0.02
"201606","20160613","1*0*0*1*4*0*4*0*0*0*",956566.5,1953706,"42190",0.03,0,0,0,0,0,0,0.09,0,0,0.01,0,0.01,0.07,0.01,0,0.02,0.03,0.01,0.21,0.01,0.08,0,0
"201605","20160529","1*0*0*4*1*0*9*0*0*0*",957157.125,1957287,"31110",0,0,0.02,0,0,0,0,0,0.01,0,0.08,0,0.04,0.11,0.04,0,0.11,0.02,0,0,0,0,0.05,0.01
"201605","20160505","1*0*0*2*1*0*7*0*0*0*",958434.5,1954373,"46110",0.01,0,0,0,0,0,0.02,0,0,0,0.02,0.01,0.29,0.5,0.01,0.19,0.01,0,0.01,0.01,0,0.04,0.02,0
"201512","20151201","1*0*0*7*3*0*6*0*0*0*",957696.875,1955038,"11740",0,0,0,0,0,0,0.02,0,0.01,0.01,0.02,0.01,0,0.45,0.01,0,0,0.03,0,0,0.04,0.01,0.02,0
"201511","20151107","1*0*0*6*3*0*3*0*0*0*",957357.8125,1955241,"43710",0,0,0.01,0,0,0,0,0,0.01,0.03,0,0,0.06,2.16,0.01,0.01,0,0.03,0,0,0,0.01,0,0
"201607","20160724","1*0*0*1*1*0*3*0*0*0*",957404.5,1955640,"11470",0.01,0,0,0.01,0,0,0.02,0.04,0.07,0.01,0.06,0,0.08,0.04,0.34,0.49,0.01,0.05,0.05,0.02,0.02,0.01,0,0
"201605","20160522","1*0*0*2*1*0*2*0*0*0*",957006.125,1957589,"44133",0.01,0,0.01,0.01,0,0,0,0,0.12,0.05,0.11,0,0.02,0,0.01,0,0.01,0,0,0.15,0.02,0.06,0.02,0
"201511","20151118","1*0*0*8*3*0*5*0*0*0*",960650.8125,1954932,"44250",0.03,0,0.01,0,0,0,0,0,0,0,0.02,0,0,0.35,0,0.02,0.01,1.15,0,0,0,0,0.02,0
"201604","20160402","1*0*0*8*1*0*6*0*0*0*",957697.1875,1957080,"47113",0,0,0,0,0,0,0,0.01,0,0.02,0.01,0.01,0.01,0.06,0,0,0,0.01,0,0.01,0.04,0.06,0.02,0.05
"201510","20151003","1*0*0*1*2*0*7*0*0*0*",957451.5,1955242,"48129",0.02,0.01,0,0,0.01,0,0,0.01,0,0.01,0,0,0,0,0,0.03,0,0,0,0.1,0,0.03,0.01,0
"201603","20160325","1*0*0*8*2*0*8*0*0*0*",959622.125,1955691,"11710",0,0.03,0,0,0,0,0,0.01,0,0,0,0,0,0.01,0,0,0.03,0,0,0.01,0,0,0,0.03
"201601","20160108","1*0*0*2*3*0*6*0*0*0*",960406.8125,1954318,"48740",0,0,0,0,0,0,0,0,0,0,0,0.03,0,0,0,0,0.01,0,0,0,0.01,0,0.02,0
"201509","20150911","1*0*0*1*2*0*7*0*0*0*",956664,1954323,"45720",0,0,0,0,0,0,0.01,0,0.03,0,0.1,0.01,0,0,0,0.01,0,0,0,0.03,0,0,0.01,0
"201606","20160625","1*0*0*8*1*0*1*0*0*0*",960800,1957644,"28140",0,0,0,0,0,0,0,0,0,0.01,0.04,0,0,0,0.02,0,0.01,0.02,0.01,0.15,0,0,0.02,0
"201607","20160713","1*0*0*3*2*0*4*0*0*0*",956031.5,1956104,"46830",1.89,0.02,0,0,0,0,0,0,0,0,0.02,0.01,0.01,0.05,0,0,0.56,0.03,0,0,0.9,0.05,0.01,0
"201512","20151214","1*0*0*3*4*0*4*0*0*0*",961388.1875,1955037,"42230",0.01,0,0,0,0,0,0,0.04,0,0.01,0,0.14,0.03,0,0,0.06,0.03,0.11,0.01,0.01,0,0,0,0
"201601","20160111","1*0*0*7*2*0*3*0*0*0*",960259.1875,1956306,"41650",0.01,0,0,0,0,0,0,0,0.02,0,0,0.01,0.04,0.04,0,0,0.01,0,0.06,0,0.08,0,0.01,0
"201512","20151221","1*0*0*6*1*0*1*0*0*0*",956716,1955191,"45111",0,0,0,0,0,0,0,0.01,0.03,0.01,0.01,0,0,0,0,0.04,0,0,0.03,0,0.05,0.03,0,0
"201508","20150807","1*0*0*7*3*0*1*0*0*0*",960310.5,1957488,"41273",0.01,0.01,0,0,0,0,0,0,0.1,0.01,0.01,0.01,0.64,0,0.01,0.01,0.26,0,0.01,0,0.04,0.02,0,0.02
"201510","20151025","1*0*0*4*2*0*5*0*0*0*",956861,1955699,"28170",0.15,0.11,0,0,0,0,0,0,0.01,0.02,0,0,0,0,0,0.03,0.07,0,0,0.06,0.01,0.01,0.01,0.07
"201607","20160730","1*0*0*3*2*0*1*0*0*0*",960303.625,1954680,"41480",0,0,0,0,0,0,0,0,0,0.01,0,0,14.08,0,0.04,0.03,0.21,0.04,0.02,0.01,0,0.02,0.01,0
"201508","20150804","1*0*0*2*3*0*8*0*0*0*",957056.6875,1954580,"28200",0,0,0,0.01,0,0.01,0,0,0.01,0,0.01,0,0.02,0.01,0,0,0,0.02,0,0,0,0.02,0.01,0.02
"201508","20150823","1*0*0*8*2*0*8*0*0*0*",955741.875,1955853,"44710",0,0,0,0,0,0,0,0,0.08,0,0,0.07,0.01,0.01,0,0,0.01,0,0.02,0,0,0.01,0.02,0
"201508","20150816","1*0*0*8*1*0*3*0*0*0*",956766.125,1955853,"28200",0,0,0.01,0,0,0.05,0,0,0,0,0.04,0.03,0.14,0,0.01,0,0,0,0,6.06,0.15,0.03,0,0.02
"201601","20160120","1*0*0*1*2*0*6*0*0*0*",960606.625,1956822,"30170",0,0,0,0,0,0,0,0.01,0,0,0.01,0,0.16,0.01,0.19,0,0.02,0,0.01,0.01,0.04,0,0.36,0
"201511","20151129","1*0*0*8*2*0*7*0*0*0*",954562.375,1957381,"26290",0,0,0,0,0,0,0,0.01,0.08,0,0.01,0.06,0,0.07,0,0.02,0.01,0,0.02,0,0,0,0.01,0
"201607","20160725","1*0*0*1*2*0*3*0*0*0*",957159.8125,1954529,"43112",0,0,0,0,0,0,0,0.05,0,0,0.16,0,0.07,0,0.01,0,0.06,0.01,0,0.07,0.24,0,0,0
"201605","20160512","1*0*0*6*2*0*1*0*0*0*",959673.875,1954938,"11410",0,0,0,0,0,0,0,0,0.01,0,0.03,0.01,0.01,0.04,0.03,0.07,0,0,0.01,1.61,0.01,0,0,0.17
"201607","20160706","1*0*0*4*2*0*7*0*0*0*",959671.625,1957177,"26530",0.01,0,0,0,0,0,0.02,0,0.02,0,0.01,0.02,0.07,0.01,0.08,0.02,0.07,0,0.01,0,0.01,0.03,0.01,0
"201508","20150831","1*0*0*3*1*0*2*0*0*0*",960113.625,1957694,"47750",0.01,0,0,0,0,0,0,0,0.01,0,0.01,0.01,0,0,0.01,0.01,0.02,0.35,0.1,0.02,0.01,0,0,0.03
"201510","20151030","1*0*0*1*1*0*1*0*0*0*",957258.6875,1955853,"11110",0.01,0,0,0,0,0,0,0.04,0,0.05,0.18,0,0,0.98,0.03,0,0.01,0,0.01,0.01,0.03,0.01,0,0.01
"201512","20151229","1*0*0*3*1*0*5*0*0*0*",958191.8125,1954167,"41830",0.04,0,0,0,0,0,0.01,0,0,0.01,0.01,0,0,0.04,0.03,0.04,0,0,0.01,0.02,0,0,0,0
"201509","20150908","1*0*0*4*1*0*0*0*0*0*",956422,1954730,"11470",0.02,0,0,0,0,0,0.01,0,0.03,0.01,0.01,0,0.51,0.01,0,0.05,0,0.09,0.47,0,0,0.01,0.01,0.17
"201602","20160227","1*0*0*8*1*0*3*0*0*0*",957943.5,1955646,"47280",0,0,0,0,0,0,0.01,0,0.01,0,0.01,0,0,0.07,0,0,0,0.01,0,0,0,0,0,0
"201511","20151106","1*0*0*8*1*0*5*0*0*0*",957650.625,1955404,"44790",0,0,0.03,0,0,0.12,0,0.01,0.02,0,0.01,0.01,0.27,0,0,0.12,0.01,0.06,0.05,0.07,0,0,0,0
"201607","20160730","1*0*0*1*1*0*8*0*0*0*",957600.125,1954893,"42820",0,0,0,0,0,0,0,0,0,0.04,0,0.04,0.04,0,0,0.03,0.01,0,0,0.01,0.04,0.03,0,0
"201605","20160505","1*0*0*3*3*0*3*0*0*0*",960062.625,1957436,"41820",0,0,0,0,0,0,0,0,0,0.16,0.01,0.01,0.04,0.01,0,0.03,0,0.01,0.03,0.01,0,0.02,0,0
"201511","20151107","1*0*0*3*3*0*1*0*0*0*",957110,1957176,"41370",0,0.01,0.01,0,0,0,0,0,0,0.01,2.05,0.7,0,0.03,0,0,0,0,0.01,0.51,0,0.05,0,0
"201605","20160508","1*0*0*2*1*0*0*0*0*0*",955344.375,1955694,"50130",0,0.04,0,0,0,0,0,0,0,0,0,0,0,0,0,0.01,0.04,0.04,0.01,0,0.02,0,0,0
"201511","20151129","1*0*0*6*3*0*5*0*0*0*",955492,1957279,"41220",0.01,0,0,0,0,0,0,0.08,0,0.01,0,0.02,0,0.01,0,0.01,0.01,0,0,0.13,0,0.08,0,0
"201509","20150925","1*0*0*2*2*0*1*0*0*0*",958387.8125,1954575,"11140",0,0,0.03,0,0,0,0.01,0,0,0,0.33,0,0,0.02,0.01,0.04,0,0.01,0.01,0.38,0,0.07,0,0.01
"201607","20160721","1*0*0*2*4*0*1*0*0*0*",960401.375,1954727,"41830",0.01,0,0,0,0,0,0.01,0,0,0,0.01,0.01,0.01,0,0.02,0.02,0.06,0,0.03,0,0.02,0.01,0,0.01
"201602","20160226","1*0*0*7*3*0*2*0*0*0*",957452.8125,1954630,"41463",0,0,0,0,0,0,0.01,0,0.05,0.14,0.09,0,0.01,0.07,0.02,0.01,0,0.04,0,0.02,0,0.02,0,0
"201512","20151211","1*0*0*3*1*0*4*0*0*0*",960554.875,1955141,"41610",0,0.02,0,0,0,0,0,0.02,0.05,0.04,0.01,0,0.05,0.03,0.02,0.1,0.07,0.01,0,0.05,0.03,0.01,0,0
"201508","20150806","1*0*0*1*4*0*2*0*0*0*",961044.6875,1954884,"11545",0.01,0,0,0,0,0,0.01,0,0,0,0,0.65,0.02,0.06,0.02,0.01,0.02,0,0,0,0.11,0,0,0
"201607","20160718","1*0*0*1*1*0*7*0*0*0*",956667.8125,1957023,"48220",0,0,0.03,0,0,0,0,0,0.02,0.01,0.03,0,0.66,0,0.02,0,0.02,0.13,0,0,0.01,0,0.1,0
"201601","20160101","1*0*0*3*2*0*5*0*0*0*",955198.875,1954990,"41500",0.05,0,0,0,0,0,0,0,0,13.02,0.08,0,0,0.09,0.06,0,0,0.02,0,0,0,0,0.01,0
"201601","20160131","1*0*0*8*1*0*3*0*0*0*",956371.625,1955148,"41480",0,0.01,0,0,0,0,0,0,0,0.01,0,0.03,0,0.04,0,0.01,0,0.03,0.03,0.01,0.02,0.01,0.01,0
"201606","20160615","1*0*0*2*4*0*1*0*0*0*",957257.625,1955138,"47850",0,0,0,0,0,0,0.01,0,0.03,0.02,0.01,0,0.01,0.09,0.66,0,0,0.26,0.02,0.01,0.16,0,0,0.05
"201508","20150801","1*0*0*2*1*0*7*0*0*0*",958585.375,1954526,"44730",0,0.02,0,0,0.03,0,0,0.01,0.01,0.01,0,0,0.01,0,0.05,0.02,0.05,0,0,0,0,0,0,0.08
"201602","20160218","1*0*0*2*3*0*4*0*0*0*",956569.1875,1953807,"44760",0,0,0,0,0,0,0,0,0,0.12,0,0.05,0.02,0.05,0.01,0.07,0,0.01,0.04,0.02,0,0,0,0
"201607","20160704","1*0*0*8*1*0*2*0*0*0*",960162.875,1957489,"43730",0,0.01,0,0,0,0,0,0,0,0.03,0,0.01,0.41,0.01,0,0.02,0.04,0.01,0,0,0.04,0,0,0.01
"201512","20151203","1*0*0*3*2*0*5*0*0*0*",955787.125,1955286,"26320",0,0,0,0,0,0,0,0,0,0.01,0.02,0.31,0,0,0,0.01,0.02,0.03,5.13,0,0.02,0.05,0,0.02
"201601","20160107","1*0*0*2*3*0*4*0*0*0*",956030.6875,1956161,"28170",0,0,0,0,0,0,0.03,0.01,0,0,0.05,0.03,0,0.02,0.21,0,0.03,0.03,0,0,0.03,0,0,0.01
"201605","20160529","1*0*0*6*2*0*9*0*0*0*",960353.125,1957077,"46800",0,0,0,0,0,0,0.01,0,0,0,0.01,0.01,0.03,0,0.01,0.73,0.02,0.03,0,0.02,0,0,0.01,0
"201509","20150930","1*0*0*2*1*0*8*0*0*0*",957208.375,1954321,"27140",0.01,0.07,0,0,0.01,0,0,0,0.01,0,0,0.22,0,0,0,0,0.03,0.03,0,0,0,0,0,0
"201512","20151228","1*0*0*6*3*0*2*0*0*0*",960752.8125,1956921,"28140",0.13,0,0.01,0,0,0,0,0,0.03,0.01,0.03,0,0.01,0,0.01,0.01,0,0,0,0,0,0.01,0,0
"201601","20160126","1*0*0*4*2*0*2*0*0*0*",960505.875,1954727,"41480",0.01,0.06,0,0,0,0,0,0,0,0.04,0,0.02,0.01,0,0.02,0,0.31,0.01,0.02,0,0.01,0.01,0,0.02
"201605","20160511","1*0*0*3*3*0*3*0*0*0*",957357.3125,1954426,"29200",0.07,0,0.04,0,0,0.01,0,0,0,0.03,0,0,0,0.01,0.01,0.01,0,0.46,0.03,0.06,0,0,0,0
"201605","20160513","1*0*0*1*1*0*7*0*0*0*",959966.3125,1954829,"28170",0.02,0,0,0,0,0.01,0.06,0,0.01,0.02,0,0.01,0.02,0.03,0,0,0.01,0.01,0.05,0,0,0.01,0.01,0.14
"201508","20150831","1*0*0*4*2*0*5*0*0*0*",960064.3125,1957181,"11650",0,0,0,0,0,0,0.04,0.04,0.01,0.01,0,0,0.02,0,0,0.06,0,0,0,0,0.01,0,0,0.01
"201604","20160413","1*0*0*7*4*0*4*0*0*0*",960749.3125,1957182,"30230",0.05,0,0,0,0,0,0,0,0,0,0,0.06,0.01,0.04,0.01,0.01,0.01,0.01,0.01,0,0.01,0.01,0.02,0
"201508","20150823","1*0*0*3*4*0*5*0*0*0*",957405.3125,1954628,"42110",0,0,0,0.01,0,0,0.02,0.04,0,0.01,0,0.03,0,0.01,0.01,0.04,1.77,0,0,0,0,0.04,0,0
"201602","20160212","1*0*0*1*1*0*8*0*0*0*",955197.1875,1955306,"26530",0,0,0,0,0.01,0,0,0,0.01,0.15,0.01,0.02,0,0.01,0,0.01,0.03,0.05,0.01,0.01,0.01,0,0.01,0
"201508","20150812","1*0*0*8*1*0*2*0*0*0*",960997.375,1954115,"44800",0,0.04,0,0,0,0,0,0.08,0,0,0,0.11,0,0.02,0.05,0.67,1.22,0,0,0.01,0,0,0,0.01
"201508","20150810","1*0*0*1*1*0*1*0*0*0*",956960.1875,1954883,"30110",0.15,0,0,0.07,0.01,0,0,0,0.01,0,0.01,1.69,0,0.23,0.01,0.01,0,0,0.02,0.32,0,0.08,0.01,0.01
"201605","20160515","1*0*0*1*2*0*3*0*0*0*",955692.125,1954885,"46150",0,0,0,0,0,0,0.03,0,0,0.01,0,0.02,0.29,0.02,0,0.01,0.02,0.08,0.12,0.04,0.01,0.03,0.02,0
"201510","20151030","1*0*0*4*1*0*3*0*0*0*",957944.3125,1955185,"27260",0,0,0,0,0,0,0,0,0,0.05,0.08,0.01,0,0.23,0,0,0.12,0,0.01,0.01,0.01,0,0.08,0
"201512","20151224","1*0*0*1*4*0*2*0*0*0*",959328.875,1956110,"41117",0,0.01,0,0,0,0,0,0.02,0,0,0.03,0,0.11,0,0.03,0.17,0.02,0,0.01,0.14,0,0,0,0.01
"201510","20151003","1*0*0*1*1*0*3*0*0*0*",959721.625,1956257,"42730",0.01,0,0,0,0,0,0,0,0,0.13,0.36,0.01,0,0.06,0,0.03,0.12,0.02,0,0,0,0.04,0,0
"201607","20160717","1*0*0*2*1*0*7*0*0*0*",958924.875,1957848,"41111",0,0,0,0,0,0.53,0,0,0,0,0.35,0.02,0,0,0.01,0.01,0,0,0.01,0,0.88,0,0,0
"201603","20160305","1*0*0*1*1*0*8*0*0*0*",957503.875,1955398,"44180",0,0,0,0,0,0,0,0,0.01,0.03,0,0,0.07,0.01,0.74,0.03,0,0.1,0.02,0.05,0,0,0.09,0
"201601","20160116","1*0*0*1*2*0*7*0*0*0*",960258.6875,1953704,"41463",0,0,0,0,0,0,0,0,0.01,0.01,0.01,0.02,0,0,0,0.01,0,0.01,0,0,0,0.01,0,0
"201508","20150811","1*0*0*6*4*0*3*0*0*0*",957701.125,1954576,"48870",0,0,0,0,0.02,0,0,0,0,0.46,0.02,0.05,0.01,0.05,0,0.05,0,0.03,0.02,0.02,0.01,0.28,0,0.01
"201606","20160613","1*0*0*6*1*0*5*0*0*0*",956326.125,1954270,"48170",0.13,0,0,0,0,0,0,0,0.01,0,0.03,1.21,0,0,0,0.02,0,0.09,0.03,0.01,0,0.18,0,0
"201603","20160321","1*0*0*4*1*0*9*0*0*0*",960304.625,1956818,"41480",0,0,0,0,0,0,0,0,0.07,0.01,0,0,0.01,0,0.04,0.01,0.01,0.01,0,0.16,0.08,0,0.08,0
"201601","20160108","1*0*0*8*2*0*3*0*0*0*",959665.375,1956308,"41273",0,0,0,0,0,0,0,0.01,0,0.09,0,0,0,0,0,0.01,0.02,0,0,0.02,0,0,0.03,0.09
"201606","20160628","1*0*0*8*1*0*4*0*0*0*",958973.8125,1957080,"45113",0,0,0,0.55,0,0,0,0.01,0.12,0.01,0,0.02,0.08,0.09,0,0,0.05,0.05,0,0,0,0,0.01,0.02
"201606","20160626","1*0*0*3*3*0*5*0*0*0*",959920.6875,1955244,"29140",0.13,0,0.01,0,0,0,0,0,0.01,0,0.06,0.01,0.3,0,0.13,0.02,0,0.02,0,0,0,0.01,0.98,0
"201605","20160529","1*0*0*4*2*0*4*0*0*0*",959920.375,1955237,"47190",0,0,0.01,0.05,0,0,0,0,0.5,0.13,0.01,0,0,0.01,0,0,0,0.02,0.02,0,0.05,0.02,0.01,0
"201511","20151126","1*0*0*4*2*0*6*0*0*0*",958487.3125,1954321,"27710",0,0,0,0,0,0,0,0.04,0.01,0,0,0,0.06,0,0.01,0,0.01,0.06,0.02,0.01,0.07,0,0.02,0.01
"201511","20151112","1*0*0*4*1*0*8*0*0*0*",959920.875,1954581,"43760",0,0,0,0,0,0,0,0,0,0.01,0.1,0.01,0.01,0.01,0.05,0,0,0.03,0.01,0,0.12,0,0,0.02
"201601","20160116","1*0*0*4*2*0*2*0*0*0*",957406.375,1955899,"31200",0,0,0,0,0,0.01,0.01,0.01,0.01,0,0.15,0.01,0.02,0.08,0.02,0.03,0,0.02,0.01,0,0,0,0.03,0
"201605","20160515","1*0*0*2*1*0*7*0*0*0*",960014.8125,1954270,"41430",0,0,0,0,0,0,0,0,0.01,0,0.02,0.06,0.01,0.03,0,0,0.2,0,0.01,0.02,0.07,0,0,0.02
"201606","20160613","1*0*0*8*2*0*1*0*0*0*",956963.125,1955141,"45113",0,0,0.01,0,0,0.01,0,0,0.01,0,0,0,0,0.09,0.02,0,0,0.3,0.01,0.01,0,0.01,0,0
"201607","20160706","1*0*0*7*2*0*8*0*0*0*",960450.6875,1957177,"42800",0,0.01,0,0,0,0,0,0,0.15,0.18,0.16,0.04,0.03,0.01,0.51,0,0.04,0,0.02,0.01,0.01,0,0,0
"201510","20151005","1*0*0*2*3*0*7*0*0*0*",958584.375,1957489,"11320",0.01,0,0,0,0,0,0,0.03,0,0,0.01,0.02,0.03,0.02,0,0.02,0.01,0.02,0,0,0.01,0.04,0,0
"201605","20160509","1*0*0*6*2*0*4*0*0*0*",958732.3125,1955140,"42770",0,0,0,0,0,0,0,0,0.02,0.03,0.07,0.01,0,0.01,0,0.03,0,0.02,0.01,0.04,0,0.02,0.01,0
"201604","20160411","1*0*0*2*4*0*1*0*0*0*",956617.375,1954425,"29140",0,0,0,0,0,0,0,0,0,0,0,0,0.01,0.01,0,0,0,0.01,0.62,0,0.01,0,0.01,0
"201602","20160229","1*0*0*1*1*0*7*0*0*0*",959672.625,1954983,"41135",0,0,0,0,0,0,0.01,0,0,0.01,0.01,0.01,0.01,0.45,0,0.04,0.79,0,0.01,0.01,0,0.02,0,0.04
"201510","20151029","1*0*0*3*2*0*3*0*0*0*",960459,1955486,"46820",0,0,0.02,0,0,0,0,0.01,0,0,5.66,0.02,0,0.03,0.04,0.19,0.24,0.01,0,0,0.01,0.36,0.01,0
"201606","20160620","1*0*0*3*4*0*7*0*0*0*",958878.375,1956923,"41450",0,0,0,0,0,0.02,0,0.03,0,0.01,0,0.01,0.04,0,0.02,0.01,0.04,0,0.01,0.04,0,0.02,0.05,0
"201607","20160710","1*0*0*2*3*0*4*0*0*0*",957062.5,1954987,"41195",0,0,0,0,0.3,0,0,0,0.06,0.02,0,0.01,0.01,0,0.01,0,0,0.02,0,0.03,0,2.2,0.09,0.01
"201601","20160109","1*0*0*2*1*0*6*0*0*0*",957204.125,1958361,"29155",0,0.05,0,0,0,0,0,0.01,0.01,0.08,0,4.7,0.01,0,0,0,0.08,0.08,0.23,0,0,0,0,0
"201606","20160620","1*0*0*4*1*0*0*0*0*0*",960013.3125,1955352,"48250",0,0,0,0,0,0.02,0,0.02,0,0.04,0,0,0.03,0.09,0.02,0.13,0,0.03,0,0,0.03,0.01,0.01,0
"201510","20151008","1*0*0*4*1*0*6*0*0*0*",960848.375,1954677,"44180",0,3.14,0,0,0,0.05,0.03,0.01,0.01,0,0,0.01,0,0.01,0.01,0,0.04,0.01,0.07,0.07,0.01,0.02,0.01,0.01
"201508","20150806","1*0*0*8*3*0*2*0*0*0*",960454.8125,1955288,"11560",0,0,0,0,0,0,0,0,0,0.02,0,0.06,0,0.01,0.01,0.02,0.12,0,0.01,0.04,0,0,0.01,0.01
"201508","20150829","1*0*0*2*3*0*6*0*0*0*",955249.3125,1957025,"26710",0,0.01,0.01,0,0,0,0.03,0.02,0,0,0.01,0,0,0,0,0,0,0,0,0.01,0.04,0,0,0
"201607","20160715","1*0*0*8*2*0*3*0*0*0*",956862.875,1957074,"41195",0,0.01,0,0.02,0,0,0,0,0,0,0,0,0,0.42,0.13,0.01,0.03,0.39,0,0,0.01,0.02,0.41,0
"201603","20160303","1*0*0*2*3*0*5*0*0*0*",960067.625,1955198,"43750",0,0,0,0,0.01,0,0,0,0.01,0,0,0,0,0,0,0.02,0.01,0,0.19,0,0,0.38,0,0
"201510","20151012","1*0*0*1*1*0*7*0*0*0*",961240.625,1956154,"26260",0,0,0,0,0,0,0,0,0.01,0,0,0.03,0,0,0.02,0.09,0,0.02,0,0,0,0,0,0
"201601","20160115","1*0*0*7*2*0*7*0*0*0*",960262.1875,1955185,"26290",0,0,0,0,0,0.02,0,0.02,0.02,0.27,0,0,0.02,0.04,0.03,0,0,0.03,0.09,0.06,0.03,0.01,0.04,0.01
"201603","20160321","1*0*0*1*1*0*6*0*0*0*",956565.375,1957848,"29155",0,0,0,0,0,0,0.03,0,0,0.01,0,0.04,0,0.03,0.01,0.01,0,0.05,0,0,0,0,0,0.23
"201607","20160720","1*0*0*2*3*3*1*0*0*0*",956472.3125,1957848,"47730",0,0,0,0,0,0.07,0,0,0,0.01,0,0.06,0,0.02,0.01,0.01,0.01,0,0.02,0.01,0,0.02,0.25,0
"201601","20160122","1*0*0*7*2*0*8*0*0*0*",958587.375,1954892,"11140",0,0,0,0.05,0,0,0.04,0,0.18,0,0,0,0.03,0.01,0,0.01,0.01,0,0.01,0,0,0.09,0,0.01
"201606","20160606","1*0*0*3*3*0*4*0*0*0*",959916.6875,1957383,"47290",0.01,0,0,0,0,0,0,0.1,0.01,0,0,0.09,0.02,0,0.04,0,0.01,0.07,0.02,0.02,0,0,0.15,0.01
"201604","20160419","1*0*0*2*4*0*3*0*0*0*",955642.8125,1955034,"48220",0.05,0,0,0,0,0,0,0.01,0,0.04,0.03,0.07,0.04,0.1,0.04,0.06,0,0.02,0.01,0,0,0.01,0.02,0
"201601","20160103","1*0*0*3*2*0*1*0*0*0*",957353.125,1955463,"43710",0,0,0.01,0,0,0,0,0.01,0,0,0.03,0,0,0.02,0.02,0.01,0.02,0.01,0.01,0,0.02,0.01,0.02,0.01
"201603","20160304","1*0*0*2*3*0*7*0*0*0*",959970.3125,1957286,"11170",0,0.01,0,0,0,0,0,0,0,0.02,0.02,0,0.01,0,0.02,0,0.06,0,0.02,0.01,0,0.01,0,0
"201607","20160716","1*0*0*8*1*0*6*0*0*0*",956327.375,1957381,"11170",0,0,0,0,0,0,0,0,0,0,0.01,0,0.02,0.01,0,0,0,0.01,0,0,0.01,0.05,0.07,0
"201512","20151224","1*0*0*1*1*0*8*0*0*0*",956327.1875,1956308,"41670",0,0,0,0,0,0,0,0.04,0,0,0.03,0,0.01,0.02,0.05,0,0.01,0,0,0,0.01,0.5,0.23,0
"201511","20151101","1*0*0*2*3*0*3*0*0*0*",960996.1875,1957337,"47280",0,0.9,0,0,0,0,0,0,0,0,0.02,0,0.01,0.01,5.38,0,0,0,0,0,0.01,0.01,0.01,0.01
"201511","20151110","1*0*0*3*1*0*1*0*0*0*",960606.625,1954425,"43150",0,0,0,0,0,0,0,0,0.01,0,0.01,0.06,0.01,0.03,0.04,0.01,0.01,0.01,0.02,0.01,0.01,0.01,0,0
"201510","20151031","1*0*0*1*1*0*1*0*0*0*",958338.5,1955335,"41450",0,0,0,0,0,0,0,0.05,0,0,0,0.06,0.01,0.02,0,0.01,0,0.03,0,0,0.01,0.01,0.19,0.01
"201509","20150904","1*0*0*3*3*0*4*0*0*0*",960307.3125,1954941,"28170",0,0,0,0.01,0,0,0,0,0,0.02,0.04,0,0.01,0,0,0,0.01,0.03,0.01,0.02,0,0.24,0.01,0
"201606","20160623","1*0*0*1*1*0*6*0*0*0*",959024,1956109,"41800",0,0,0,0.01,0,0,0,0,0,0,0.01,0.01,0,0.01,0,0.05,0.02,0,0.07,0,0.01,0.04,0.05,0.02
"201601","20160109","1*0*0*1*1*0*7*0*0*0*",958875.625,1954832,"46880",0,0.05,0,0,0,0,0,0,0,0.01,0,0.01,0,0.06,7.23,0.02,0,0.04,0.02,0.02,0.01,0,0,0
"201604","20160430","1*0*0*8*1*0*8*0*0*0*",959623.625,1957588,"29155",0,0,0,0,0,0.01,0,0,0,0,0.02,0,0.03,0.01,0.01,0.01,0.01,0.02,0.23,0.11,0,0,0.01,0.02
"201508","20150801","1*0*0*1*4*0*2*0*0*0*",957404.3125,1957949,"28710",0,0.02,0,0,0,0,0,0.01,0,0.01,0,0,0.05,0.01,0,0,3.49,0.03,0,0,0,0,0,0
"201510","20151001","1*0*0*7*2*0*5*0*0*0*",960948.375,1955947,"11500",0,0,0,0,0,0,0,0,0,0,0.02,0,0,0.01,0.01,0.03,0.01,0,0.08,0,0,0,0,0
"201508","20150814","1*0*0*7*3*0*2*0*0*0*",960210,1954784,"26380",0,0,0,0,0,0,0,0,0,0,0.03,0,0.04,0.01,0,0.01,0,0.03,0,0.04,0.02,0,0.02,0.01
"201603","20160327","1*0*0*7*4*0*3*0*0*0*",960068.125,1955560,"44131",0.02,0,0,0,0.01,0,0,0,0,0.01,0.05,0.01,0,0.01,0,0.02,0.01,0.05,0,0.02,0.02,0.01,0.01,0
"201601","20160128","1*0*0*1*4*0*1*0*0*0*",954953.625,1954581,"26440",0,0.01,0,0,0,0,0,0.03,0.03,0,0,0.03,0,0,0.25,0,0,0,0.06,0.02,0,0,0.05,0
"201512","20151210","1*0*0*2*3*0*5*0*0*0*",958732.8125,1955145,"44825",0,0,0,0,0,0,0,0,0,0,0,0.01,0.01,0.01,0,0,0.01,0,0,0.01,0.06,0,0,0.01
